﻿分类,功能,功能说明,参数名称,参数中文名称,参数释义,类型,"下
限","上
限","默认
值","参数
单位",备注
无线通讯类,WIFI,,/device/network/recovery_usb_outer_wifi_on,NUll,,bool,,,TRUE,,
无线通讯类,WIFI,,/device/network/reset_apn_for_kpn_on,NUll,,bool,,,FALSE,,
无线通讯类,WIFI,,/device/network/speed_monitor_interval,NUll,,int,,,600,,
无线通讯类,WIFI,,/device/network/speed_sample_item_cnt,NUll,,int,,,60,,
无线通讯类,WIFI,,/device/network/speed_sample_total_kbytes,NUll,,int,,,3072,,
无线通讯类,WIFI,,/device/network/wifi_search_ap_list_fast_http_interval,NUll,,int,1,1000,3,,
无线通讯类,WIFI,,/device/network/wifi_search_ap_list_fast_interval,NUll,,int,1,1000,6,,
无线通讯类,WIFI,,/device/network/wifi_search_ap_list_interval,wifi列表更新频率,wifi列表更新频率,int,1,1000,50,,
无线通讯类,WIFI,,/device/network/wifi_switch,WIFI联网功能开关,wifi网络开关,bool,,,TRUE,,
无线通讯类,WFI,,/device/network/ping_host,网络探测目的地址,网络探测目的地址,string,,,"""8.8.8.8""",,
无线通讯类,4G,,/device/network/mobile_switch,4G联网功能开关,mobile网络开关,bool,,,TRUE,,
梯控,梯控-开门/关门,,/strategy/elevator_controller/operate_door_interval,控门时间间隔，计算方法为(n+1)*500毫秒,,int,1,120,3,,
梯控,梯控-开门/关门,,/strategy/elevator_controller/wait_door_opened_seconds,在激进进梯/出梯策略下，不会检查门状态，因此会稍微停顿的时间，单位秒,,int,0,5,1,,
梯控,梯控-开门,,/strategy/elevator_controller/open_door_timeout,打开电梯门超时时间,,int,0,864000,300,,
梯控,梯控-开门,,/strategy/elevator_controller/wait_for_getin_seconds,等待开门信号的等待时间，单位秒,,int,1,60,14,,
梯控,梯控-进梯/出梯,,/strategy/elevator_base/take_elevator_velocity,进出梯的最高速度,频繁卡梯口的情况下可以改大一点，建议不要超过0.6，会增大碰撞风险；,double,0.2,1,0.4,,
梯控,梯控-进梯,,/strategy/elevator_base/get_in_parking_dis,进梯停障距离,,double,,,0.1,,
梯控,梯控-进梯,,/strategy/elevator_base/get_in_parking_in_place_time,进梯重试规划时长,第一次进梯失败退回到梯外后，允许原地停车规划进梯路径的时间，即允许该时间内原地不动不断尝试进梯规划的最大时间；,double,,,3,,
梯控,梯控-进梯,,/strategy/elevator_base/get_in_stuck_time,进梯的连续停车超时时间,即持续停车超该时间后则放弃此次进梯，退到后退点，若为第一次进梯尝试则会在退回梯外后再次尝试进梯；,double,,,2,,
梯控,梯控-进梯,,/strategy/elevator_base/get_in_timeout,进梯超时时间,即这个时间到后会放弃进梯，退回梯外；,double,,,30,,
梯控,梯控-进梯,,/strategy/elevator_base/get_in_waiting_time,这个参数在汉庭3.2版后就无效了，不用管,,double,,,10,,
梯控,梯控-进梯,,/strategy/elevator_base/quit_in_waiting_time,放弃进梯（退回梯外）连续停车超时时间,即在后退时遇到障碍物连续停车该时间后，会放弃退回梯外动作,double,,,5,,
梯控,梯控-进梯,,/strategy/elevator_base/rotation_radius,进梯失败后绕远的距离,具体计算为进梯点为圆心的圆弧上，上述参数为圆弧半径；,double,,,0.5,,
梯控,梯控-进梯,,/strategy/elevator_base/try_get_in_limit_times,单次电梯开门后的进梯尝试次数,,int,,,,,
梯控,梯控-进梯,,/strategy/elevator_controller/limit_times_enter_failed,如果达到多少次进梯失败，就会报一次告警,,int,0,864000,3,,
梯控,梯控-进梯,,/strategy/elevator_controller/retry_enter_elevator_num,进梯重试次数,,int,0,864000,99,,
梯控,梯控-进梯,,/strategy/elevator_controller/waiting_status_time,进梯失败绕远超时时长,,int,0,864000,90,,
梯控,梯控-进梯,,/strategy/elevator_entry_pose_node/entry_pose_distance,NUll,,double,,,2.5,,
梯控,梯控-呼梯,,/strategy/elevator_controller/control_elevator_way,呼梯控制策略,1：机器人随时呼梯，电梯到达优先进梯2：机器人随时呼梯，电梯方向跟机器人方向一致才进梯,int,,,1,,
梯控,梯控-呼梯,,/strategy/elevator_controller/elevator_floor_duration,呼梯过程中，检测到电梯长时间未发生楼层移动，就会报一次告警,,int,0,864000,120,,
梯控,梯控-呼梯,,/strategy/elevator_controller/order_switch_seconds,在4G+Lora模式下，超过该时长没有预约成功，则切换成lora,,int,30,300,60,,
梯控,梯控-呼梯,,/strategy/elevator_controller/order_waiting_timeout,预约超时时长,,int,0,864000,300,,
梯控,梯控-呼梯,,/strategy/elevator_controller/wait_timeout_times_avoidance,超时多少次，前往避让点,默认3，范围1-6,int,1,6,3,,
梯控,梯控-候梯,,/strategy/elevator_base/waiting_zone_dis_to_entry,最佳候梯位置距离进梯点,（地图上显示的elevator waiting pose）的后移距离（默认0.5），在某些现场需要候梯位置远离梯口的，可以增大这个参数；,double,,,0.6,,
梯控,梯控-候梯,,/strategy/elevator_controller/waiting_elevator_timeout,候梯超时时长,,int,0,864000,300,,
梯控,梯控-关门,,/strategy/elevator_controller/close_door_timeout,关闭电梯门超时时间,,int,0,864000,300,,
梯控,梯控-关门,,/strategy/elevator_controller/close_door_timeout_while_retry,已经弃用,,int,,,10,,
梯控,梯控-关门,,/strategy/elevator_controller/send_close_door,发送关门指令,1:表示发送，0:表示不发送,int,,,1,,
梯控,梯控-出梯,,/strategy/elevator_base/cut_off_dis,出梯路径终点距离进梯点的距离,,double,,,1.5,,
梯控,梯控-出梯,,/strategy/elevator_base/cut_off_dis,出梯路径终点距离进梯点的距离,,double,0.5,1.5,1.5,,
梯控,梯控-出梯,,/strategy/elevator_base/get_out_parking_dis,出梯停障距离,,double,,,0.1,,
梯控,梯控-出梯,,/strategy/elevator_base/get_out_timeout,出梯超时时间,即这个时间到后会放弃出梯，退回梯内；,double,,,60,,
梯控,梯控-出梯,,/strategy/elevator_base/get_out_waiting_time,出梯的连续停车超时时间,即持续停车超该时间后则放弃出梯，退回梯内；,double,,,45,,
梯控,梯控-出梯,,/strategy/elevator_controller/retry_out_elevator_num,重试出梯次数,,int,0,864000,3,,
梯控,梯控-乘梯,,/strategy/elevator_controller/take_elevator_timeout,乘梯超时时间,,int,0,864000,1200,,
梯控,梯控,,/strategy/elevator_controller/elevator_strategy,新增策略robust,字符串 策略为positive、balance、negative、robust,string,,,"""robust""",,
梯控,梯控,,/strategy/elevator_controller/take_elevator_retry_times,梯控重试次数，单位次，除了进梯出梯之外，其他的重试次数,,int,0,864000,5,,
梯控,呼梯时间间隔,注：不能将些参数设置太短，如果设置太短会导致连续按键的效果，导致取消了对应楼层的按钮，再次呼梯，电梯门会再将打开；（重复会导致电梯门无法关闭；）,/strategy/elevator_controller/elevator_communication_interval,呼梯时间间隔，计算方法为(n+1)*500毫秒,,int,1,2000,3,,
梯控,,,/strategy/console/elevator_behavior_mode,机器人根据该参数判断按照原有梯控流程还是支持候梯超时处理策略优化 整型,0:默认乘梯流程1:支持候梯超时处理策略优化,int,,,1,,
手动模式,助力功能开关（软件）,,/strategy/chassis/enable_labor_saving,使能助力模式功能（软件）,助力模式开关,bool,,,TRUE,,
手动模式,助力把手功能,https://gaussian.yuque.com/huofeng-private-group-1780/cowork/ddrbvq,/labor_saving/environment,地面环境,,string,,,,,
手动模式,手动模式加减速度,,/device/mcu/backward_dec,手动模式下的后退减速度，1..500,,int,0,500,,,
手动模式,手动模式加减速度,,/device/mcu/forward_dec,手动模式下的前向减速度，1..500,,int,0,500,500,,
手动模式,手动模式,,/device/scrubber/delay_change_auto_time,手动清洗模式下，直接放下把手触发余水处理后，待余水处理完成，需要延迟10s切自动,,double,0,10000,10,,
手动模式,手动模式,,/device/scrubber/enable_super_strong_wash,手动模式 清洗-超强 档位 开关,,bool,,,FALSE,,
手动模式,手动模式,功能说明：https://gaussian.yuque.com/od6ghz/no74yv/mtggrlpp963nelwz?singleDoc# 《AIO 手动模式》,/device/scrubber/handle_up_switch_manual_without_login,拉起把手是否跳过锁屏直接切换手动,,bool,,,FALSE,,
设备寿命,刷盘使用寿命,,/device/scrubber/brush_usage_alert,刷盘使用寿命,刷盘使用寿命,int,0,1000000,300,,
设备寿命,设备寿命,,/device/scrubber/dust_push_usage_alert,尘推布使用寿命,尘推布使用寿命,double,0,3600,20,,
设备寿命,设备寿命,,/device/scrubber/ordinary_dust_push_usage_alert,普通尘推使用寿命,普通尘推使用寿命,double,0,3600,20,,
设备寿命,设备寿命,,/device/scrubber/rolling_brush_usage_alert,滚刷使用寿命,滚刷使用寿命,int,0,1000000,300,,
设备寿命,设备寿命,,/device/scrubber/suction_blade_usage_alert,吸水扒使用寿命,吸水扒使用寿命,int,0,1000000,200,,
设备寿命,设备寿命,,/device/track_motor/mileage_alert,不再使用,,int,0,1000000,,,
设备寿命,滤芯使用寿命,,/device/scrubber/filter_usage_alert,滤芯使用寿命,滤芯使用寿命,int,0,1000000,20,,
设备寿命,滚刷寿命检测,功能描述：https://gaussian.yuque.com/od6ghz/no74yv/ec807m?singleDoc# 《S线-滚刷类型、寿命、在位检测需求》,/device/scrubber/front_rolling_brush_usage_alert,前滚刷使用寿命,,double,0,5000,400,,
设备寿命,滚刷寿命检测,,/device/scrubber/rear_rolling_brush_usage_alert,后滚刷使用寿命,,double,0,5000,400,,
设备其它-急停,急停自恢复,自恢复急停在第一次按下急停时，机器人立即停止。第二次按下急停后，急停解除，切换为手动模式。 https://gaussian.yuque.com/od6ghz/no74yv/ik3ds7prpbzggv1i?singleDoc# 《急停自恢复》,/device/mcu/emergency_type,急停开关类型,0：非自恢复急停硬件1：为自恢复急停硬件,int,0,1,1,,
设备其它-急停,急停自恢复,自恢复急停在第一次按下急停时，机器人立即停止。第二次按下急停后，急停解除，切换为手动模式。https://gaussian.yuque.com/od6ghz/no74yv/ik3ds7prpbzggv1i?singleDoc# 《急停自恢复》,/strategy/console/emergency_auto_resume_enabled,急停自恢复功能开关,,bool,,,TRUE,,
设备其它-急停,急停自恢复,自恢复急停在第一次按下急停时，机器人立即停止。第二次按下急停后，急停解除，切换为手动模式。 https://gaussian.yuque.com/od6ghz/no74yv/ik3ds7prpbzggv1i?singleDoc# 《急停自恢复》,/strategy/console/emergency_auto_resume_global_enabled,AIO1.2急停自恢复全局支持,,bool,,,TRUE,,
设备其它-急停,急停自恢复,自恢复急停在第一次按下急停时，机器人立即停止。第二次按下急停后，急停解除，切换为手动模式。 https://gaussian.yuque.com/od6ghz/no74yv/ik3ds7prpbzggv1i?singleDoc# 《急停自恢复》,/strategy/console/emergency_auto_resume_method,急停自恢复恢复策略,,int,0,864000000,1,,
设备其它-急停,急停自恢复,自恢复急停在第一次按下急停时，机器人立即停止。第二次按下急停后，急停解除，切换为手动模式。https://gaussian.yuque.com/od6ghz/no74yv/ik3ds7prpbzggv1i?singleDoc# 《急停自恢复》,/strategy/console/emergency_auto_resume_wait_duration,急停自恢复倒计时时间,,int,0,864000000,30,,
设备控制-吸水扒升降电机,吸水扒升降电机使能,,/device/scrubber/enable_squeegee_lift_motor,使能喷水电机,true:可开启 false:不可开启,bool,,,TRUE,,
设备控制-吸水扒升降电机,吸水扒升降电机升降时间控制,,/device/scrubber/squeegee_down_time,吸水扒到位时间,吸水扒放到位需要的时间，单位：秒,double,0,3600,6,,
设备控制-吸水扒升降电机,设备控制-后退抬吸水扒,,/device/scrubber/backward_half_uplift_squeegee,后退抬吸水扒功能开关,,bool,,,TRUE,,
设备控制-吸水扒升降电机,设备控制-后退抬吸水扒,,/device/scrubber/backward_liftup_device_speed,触发抬设备的后退速度,触发抬设备的后退速度,double,0,10000,0.1,,
设备控制-吸风电机,,,/device/scrubber/enable_squeegee_motor,使能吸风电机,吸风开关,bool,,,TRUE,,
设备控制-吸风电机,,,/device/scrubber/fan_level,吸风等级,0,int,0,100,1,,
设备控制-吸风电机,,,/device/scrubber/fan_level_setting,吸风等级设置,吸风等级设置,string,,,"""40,50,60""",,
设备控制-吸风电机,,,/device/scrubber/squeegee_motor_running_time,吸风完全开启时间,吸风开启到最大需要的时间，单位：秒,double,0,3600,0,,
设备控制-雾化器,,,/device/scrubber/enable_mist_spray,喷雾开关,使能喷雾,bool,,,FALSE,,
设备控制-雾化器,,https://gaussian.yuque.com/od6ghz/no74yv/ogd6mt?singleDoc# 《消杀功能设计文档（40/50）》,/device/scrubber/mist_spray_distance_level_setting,喷雾距离等级设置,喷雾距离等级设置,string,,,"""30,60,100""",,
设备控制-雾化器,,https://gaussian.yuque.com/od6ghz/no74yv/ogd6mt?singleDoc# 《消杀功能设计文档（40/50）》,/device/scrubber/mist_spray_work_max_angle,喷雾工作最大角速度,触发喷雾电机工作的最大角速度,double,0,10000,10,,
设备控制-雾化器,,https://gaussian.yuque.com/od6ghz/no74yv/ogd6mt?singleDoc# 《消杀功能设计文档（40/50）》,/device/scrubber/mist_spray_work_min_speed,喷雾工作最小线速度,触发喷雾电机工作的最小线速度,double,0,10000,0,,
设备控制-刷盘升降电机,,,/device/mcu/brush_down_type,刷盘升降电机类型,"0: 非霍尔电机, 1: 霍尔电机",int,0,1,0,,
设备控制-刷盘升降电机,,,/device/scrubber/brush_down_current_threshold,刷盘电机下降电流阀值,,double,0,20,0,,
设备控制-刷盘升降电机,,,/device/scrubber/brush_down_full_time,刷盘电机完全下降需要的时间,,int,0,20000,5000,,
设备控制-刷盘升降电机,,,/device/scrubber/brush_down_half_time,刷盘电机半下降需要的时间,,int,0,10000,2500,,
设备控制-刷盘升降电机,,,/device/scrubber/brush_down_level_setting,推杆电机行程低。单位：mm,,int,0,100,40,,
设备控制-刷盘升降电机,,,/device/scrubber/brush_down_pwm,刷盘下降功率,,int,0,100,0,,
设备控制-刷盘升降电机,,,/device/scrubber/brush_position_level_setting,刷盘高度等级设置,刷盘高度等级设置,string,,,"""25,23,21""",,
设备控制-刷盘升降电机,,,/device/scrubber/brush_pressure_level,刷盘电机压力等级,,int,0,100,1,,
设备控制-刷盘升降电机,,,/device/scrubber/brush_pressure_level_setting,刷盘压力等级设置,刷盘压力等级设置,string,,,"""50,100""",,
设备控制-刷盘升降电机,,,/device/scrubber/brush_up_current_threshold,刷盘电机上升电流阀值,,double,0,20,0,,
设备控制-刷盘升降电机,,,/device/scrubber/brush_up_half_time,晶面机：位置低-位置中时间,,int,0,10000,3000,,
设备控制-刷盘升降电机,,,/device/scrubber/brush_up_pwm,刷盘上升功率,,int,0,100,0,,
设备控制-刷盘升降电机,,,/device/scrubber/enable_brush_lift_motor,使能刷盘抬升电机,true:可开启 false:不可开启,bool,,,TRUE,,
设备控制-刷盘升降电机,,,/device/scrubber/rolling_brush_position_level_setting,滚刷高度等级设置,滚刷高度等级设置（行程值）,string,,,"""25,24,23""",,
设备控制-刷盘电机,,,/device/scrubber/brush_spin_level,刷盘电机下降等级,,int,0,100,1,,
设备控制-刷盘电机,,,/device/scrubber/brush_spin_level_setting,刷盘转速等级设置,刷盘转速等级设置,string,,,"""40,70,100""",,
设备控制-刷盘电机,,,/device/scrubber/enable_brush_motor,使能刷盘电机,true:可开启false:不可开启,bool,,,TRUE,,
设备控制-刷盘电机,,,/device/scrubber/enable_left_brush,使能左刷盘电机,,bool,,,,,
设备控制-刷盘电机,,,/device/scrubber/enable_right_brush,使能右刷盘电机,,bool,,,,,
设备控制-清洁剂泵,设备控制-药剂（油污清洁）,,/strategy/console/clean_effect_test_area_max,NUll,,int,,,10,,
设备控制-清洁剂泵,设备控制-药剂（油污清洁）,,/strategy/console/clean_effect_test_area_min,NUll,,int,,,2,,
设备控制-清洁剂泵,清洁剂等级,功能说明：https://gaussian.yuque.com/vhfwq2/yrna1b/tr33x5,/device/scrubber/detergent_level,清洁剂等级,,int,30,90,90,,
设备控制-清洁剂泵,,功能说明：https://gaussian.yuque.com/vhfwq2/yrna1b/tr33x5,/device/scrubber/detergent_level_setting,清洁剂等级设置,,string,,,"""30,60,90""",,
设备控制-清洁剂泵,,功能说明：https://gaussian.yuque.com/vhfwq2/yrna1b/tr33x5,/device/scrubber/enable_detergent_motor,使能蠕动泵开关,true:可开启false:不可开启,bool,,,TRUE,,
设备控制-其它设备,蜂鸣器,,/device/scrubber/keep_beeping,蜂鸣器长响开关,ture: 持续鸣笛false:仅在鸣笛区鸣笛,bool,,,FALSE,,
设备控制-喷水电机,使能喷水电机,,/device/scrubber/enable_spray_motor,使能喷水电机,true:可开启false:不可开启,bool,,,TRUE,,
设备控制-喷水电机,使能喷水电动阀,,/device/scrubber/enable_valve,使能吸水扒升降电机,true:可开启 false:不可开启,bool,,,TRUE,,
设备控制-喷水电机,任务前浸润,,/device/scrubber/pre_task_spray_duration,任务前浸润时长,任务前浸润时长，单位：秒,double,0,3600,0,,
设备控制-喷水电机,任务前浸润,,/device/scrubber/pre_task_spray_water_level,任务前浸润水量,任务前浸润水量,int,0,100,50,,
设备控制-喷水电机,喷水小水量模式,https://gaussian.yuque.com/od6ghz/no74yv/goaavia27wdoh3of?singleDoc# 《S线喷水逻辑》功能描述： 50：通过对百洁垫的浸润和执行任务过程中持续补水，可以时间对地面的充分清洁/消毒。 功能说明：https://gaussian.yuque.com/vhfwq2/yrna1b/hglx4d#VUX7I,/device/scrubber/water_level_min_accuracy,最小水量精准值,小水量精度优化：最小水量精准值，单位：百分比,int,1,100,10,,
设备控制-喷水电机,喷水小水量模式,https://gaussian.yuque.com/od6ghz/no74yv/goaavia27wdoh3of?singleDoc# 《S线喷水逻辑》,/device/scrubber/water_level_opt_interval,精度优化时间,小水量精度优化：精度优化时间单位，单位：秒,double,0,3600,9,,
设备控制-喷水电机,喷水流量检测,,/device/scrubber/flowmeter_threshold,流量检测门限值,,int,,,20,,
设备控制-喷水电机,喷水流量检测,,/device/scrubber/flowmeter_time_threshold,流量检测时间门限值,,int,,,60000,,
设备控制-喷水电机,喷水等级,功能说明：,/device/scrubber/water_level,喷水等级,根据电池电压计算模拟电量。,int,0,120,1,,
设备控制-喷水电机,喷水等级,,/device/scrubber/water_level_setting,喷水等级设置,喷水等级设置,string,,,"""14,18,22""",,
设备控制-喷水电机,浸润功能,功能说明：https://gaussian.yuque.com/vhfwq2/lqmk5f/gboqfdmxdakkatly?singleDoc# 《50/S大水量冲洗管道需求》https://gaussian.yuque.com/od6ghz/no74yv/wfozmwfkoa30w9lt?singleDoc# 《M线-间歇性喷水、浸润、定期冲洗喷口逻辑》,/device/scrubber/enable_infiltration,浸润功能开关,,bool,,,TRUE,,
设备控制-喷水电机,浸润功能,功能说明：https://gaussian.yuque.com/vhfwq2/lqmk5f/gboqfdmxdakkatly?singleDoc# 《50/S大水量冲洗管道需求》https://gaussian.yuque.com/od6ghz/no74yv/wfozmwfkoa30w9lt?singleDoc# 《M线-间歇性喷水、浸润、定期冲洗喷口逻辑》,/device/scrubber/infiltration_duration,浸润时长,,double,0,100000,60,,
设备控制-喷水电机,浸润功能,功能说明：https://gaussian.yuque.com/vhfwq2/lqmk5f/gboqfdmxdakkatly?singleDoc# 《50/S大水量冲洗管道需求》https://gaussian.yuque.com/od6ghz/no74yv/wfozmwfkoa30w9lt?singleDoc# 《M线-间歇性喷水、浸润、定期冲洗喷口逻辑》,/device/scrubber/infiltration_spray_water_level_v1,浸润期间水量 小水量泵,,int,0,100,35,,
设备控制-喷水电机,浸润功能,功能说明：https://gaussian.yuque.com/vhfwq2/lqmk5f/gboqfdmxdakkatly?singleDoc# 《50/S大水量冲洗管道需求》https://gaussian.yuque.com/od6ghz/no74yv/wfozmwfkoa30w9lt?singleDoc# 《M线-间歇性喷水、浸润、定期冲洗喷口逻辑》,/device/scrubber/infiltration_spray_water_level_v2,浸润期间水量 其他,,int,0,100,35,,
设备控制-喷水电机,浸润功能,功能说明：https://gaussian.yuque.com/vhfwq2/lqmk5f/gboqfdmxdakkatly?singleDoc# 《50/S大水量冲洗管道需求》https://gaussian.yuque.com/od6ghz/no74yv/wfozmwfkoa30w9lt?singleDoc# 《M线-间歇性喷水、浸润、定期冲洗喷口逻辑》,/device/scrubber/water_pump_rest_max_time,水泵空闲的最大时间,,double,0,100000,600,,
设备控制-喷水电机,间歇性喷水2.0,功能说明：https://gaussian.yuque.com/vhfwq2/lqmk5f/gboqfdmxdakkatly?singleDoc# 《50/S大水量冲洗管道需求》https://gaussian.yuque.com/od6ghz/no74yv/wfozmwfkoa30w9lt?singleDoc# 《M线-间歇性喷水、浸润、定期冲洗喷口逻辑》,/device/scrubber/enable_intermit_water_spray,使能间歇性喷水开关,,bool,,,FALSE,,
设备控制-喷水电机,间歇性喷水2.0,功能说明：https://gaussian.yuque.com/vhfwq2/lqmk5f/gboqfdmxdakkatly?singleDoc# 《50/S大水量冲洗管道需求》https://gaussian.yuque.com/od6ghz/no74yv/wfozmwfkoa30w9lt?singleDoc# 《M线-间歇性喷水、浸润、定期冲洗喷口逻辑》,/device/scrubber/intermit_water_spray_time_setting,间歇性喷水时间配置,,string,,,"""1,1""",,
设备控制-喷水电机,急速喷水,功能说明：在APP下位界面打开一键喷水后，喷水电机以flush_water_percent占空比工作，当污水达到0%时，排水电机再工作/keep_flush_water秒后，停止工作；,/device/scrubber/flush_water_percent,急速喷水占空比,一键冲水：喷水水量,int,50,100,100,,
设备控制-喷水电机,急速喷水,功能说明：在APP下位界面打开一键喷水后，喷水电机以flush_water_percent占空比工作，当污水达到0%时，排水电机再工作/keep_flush_water秒后，停止工作；,/device/scrubber/keep_flush_water,一键冲水：低于最低浮子后倒计时间,一键冲水：低于最低浮子后倒计时间,double,0,3600,300,,
设备控制-喷水电机,定期大水量喷水清洗出水口,功能说明：https://gaussian.yuque.com/vhfwq2/lqmk5f/gboqfdmxdakkatly?singleDoc# 《50/S大水量冲洗管道需求》https://gaussian.yuque.com/od6ghz/no74yv/wfozmwfkoa30w9lt?singleDoc# 《M线-间歇性喷水、浸润、定期冲洗喷口逻辑》,/device/scrubber/enable_flush_nozzle_regularly,使能定期冲洗喷口,,bool,,,TRUE,,
设备控制-喷水电机,定期大水量喷水清洗出水口,功能说明：https://gaussian.yuque.com/vhfwq2/lqmk5f/gboqfdmxdakkatly?singleDoc# 《50/S大水量冲洗管道需求》https://gaussian.yuque.com/od6ghz/no74yv/wfozmwfkoa30w9lt?singleDoc# 《M线-间歇性喷水、浸润、定期冲洗喷口逻辑》,/device/scrubber/flush_nozzle_clean_frequency,喷水管自清洁频率,,int,0,7,0,,
设备控制-喷水电机,定期大水量喷水清洗出水口,功能说明：https://gaussian.yuque.com/vhfwq2/lqmk5f/gboqfdmxdakkatly?singleDoc# 《50/S大水量冲洗管道需求》https://gaussian.yuque.com/od6ghz/no74yv/wfozmwfkoa30w9lt?singleDoc# 《M线-间歇性喷水、浸润、定期冲洗喷口逻辑》,/device/scrubber/flush_nozzle_fan_level,大水量喷水吸风电机工作等级,,int,0,100,70,,
设备控制-喷水电机,定期大水量喷水清洗出水口,功能说明：https://gaussian.yuque.com/vhfwq2/lqmk5f/gboqfdmxdakkatly?singleDoc# 《50/S大水量冲洗管道需求》https://gaussian.yuque.com/od6ghz/no74yv/wfozmwfkoa30w9lt?singleDoc# 《M线-间歇性喷水、浸润、定期冲洗喷口逻辑》,/device/scrubber/flush_nozzle_single_spray_duration,单次喷水时长,,double,0,60,5,,
设备控制-喷水电机,定期大水量喷水清洗出水口,功能说明：https://gaussian.yuque.com/vhfwq2/lqmk5f/gboqfdmxdakkatly?singleDoc# 《50/S大水量冲洗管道需求》https://gaussian.yuque.com/od6ghz/no74yv/wfozmwfkoa30w9lt?singleDoc# 《M线-间歇性喷水、浸润、定期冲洗喷口逻辑》,/device/scrubber/flush_nozzle_speed_level_value,喷水口自清洁车速,,double,0.1,1,0.3,,
设备控制-喷水电机,定期大水量喷水清洗出水口,功能说明：https://gaussian.yuque.com/vhfwq2/lqmk5f/gboqfdmxdakkatly?singleDoc# 《50/S大水量冲洗管道需求》https://gaussian.yuque.com/od6ghz/no74yv/wfozmwfkoa30w9lt?singleDoc# 《M线-间歇性喷水、浸润、定期冲洗喷口逻辑》,/device/scrubber/flush_nozzle_spray_interval_time,喷水管自清洁单次喷水间隔时间,,double,10,30,15,,
设备控制-喷水电机,定期大水量喷水清洗出水口,功能说明：https://gaussian.yuque.com/vhfwq2/lqmk5f/gboqfdmxdakkatly?singleDoc# 《50/S大水量冲洗管道需求》https://gaussian.yuque.com/od6ghz/no74yv/wfozmwfkoa30w9lt?singleDoc# 《M线-间歇性喷水、浸润、定期冲洗喷口逻辑》,/device/scrubber/flush_nozzle_spray_total_time,喷水管自清洁喷水总时间,,double,10,60,20,,
设备控制-喷水电机,定期大水量喷水清洗出水口,功能说明：https://gaussian.yuque.com/vhfwq2/lqmk5f/gboqfdmxdakkatly?singleDoc# 《50/S大水量冲洗管道需求》https://gaussian.yuque.com/od6ghz/no74yv/wfozmwfkoa30w9lt?singleDoc# 《M线-间歇性喷水、浸润、定期冲洗喷口逻辑》,/device/scrubber/flush_nozzle_start_hour_natural_day,自然日启动时间,,int,0,23,0,,
设备控制-喷水电机,定期大水量喷水清洗出水口,功能说明：https://gaussian.yuque.com/vhfwq2/lqmk5f/gboqfdmxdakkatly?singleDoc# 《50/S大水量冲洗管道需求》https://gaussian.yuque.com/od6ghz/no74yv/wfozmwfkoa30w9lt?singleDoc# 《M线-间歇性喷水、浸润、定期冲洗喷口逻辑》,/device/scrubber/flush_nozzle_water_level,喷水口自清洁喷水量占空比,,int,10,100,35,,
设备控制-喷水电机,定期大水量喷水清洗出水口,功能说明：https://gaussian.yuque.com/vhfwq2/lqmk5f/gboqfdmxdakkatly?singleDoc# 《50/S大水量冲洗管道需求》https://gaussian.yuque.com/od6ghz/no74yv/wfozmwfkoa30w9lt?singleDoc# 《M线-间歇性喷水、浸润、定期冲洗喷口逻辑》,/device/scrubber/flush_with_high_water_flow_distance,大水量喷水距离,,double,0,100,6,,
设备控制-喷水电机,定期大水量喷水清洗出水口,功能说明：https://gaussian.yuque.com/vhfwq2/lqmk5f/gboqfdmxdakkatly?singleDoc# 《50/S大水量冲洗管道需求》https://gaussian.yuque.com/od6ghz/no74yv/wfozmwfkoa30w9lt?singleDoc# 《M线-间歇性喷水、浸润、定期冲洗喷口逻辑》,/device/scrubber/flush_with_high_water_flow_duration,大水量喷水的时长,,double,30,120,60,,
设备控制-喷水电机,定期大水量喷水清洗出水口,功能说明：https://gaussian.yuque.com/vhfwq2/lqmk5f/gboqfdmxdakkatly?singleDoc# 《50/S大水量冲洗管道需求》https://gaussian.yuque.com/od6ghz/no74yv/wfozmwfkoa30w9lt?singleDoc# 《M线-间歇性喷水、浸润、定期冲洗喷口逻辑》,/device/scrubber/flush_with_high_water_flow_interval,大水量喷水的间隔,,double,3600,36000,7200,,
设备控制-过滤电机,,打开：过滤电机才会正常工作；,/device/scrubber/enable_filter,使能过滤电机,true:可开启false:不可开启,bool,,,TRUE,,
设备控制-滚刷电机,设备控制-甩干（滚刷自洁）,,/device/scrubber/dry_spin_speed_brush_after,甩水时后滚刷转速值,甩水时后滚刷转速值,int,0,100,20,,
设备控制-滚刷电机,设备控制-甩干（滚刷自洁）,,/device/scrubber/dry_spin_speed_brush_front,甩水时前滚刷转速值,甩水时前滚刷转速值,int,0,100,36,,
设备控制-滚刷电机,设备控制-甩干（滚刷自洁）,,/device/scrubber/rolling_brush_spin_dry_time,滚刷甩干时间,滚刷甩干时间,double,0,3600,60,,
设备控制-滚刷电机,滚刷刷干,,/device/scrubber/enable_spin_dry_water,滚刷甩干功能开关,,bool,,,FALSE,,
设备控制-滚刷电机,滚刷类型检测,功能描述：https://gaussian.yuque.com/od6ghz/no74yv/ec807m?singleDoc# 《S线-滚刷类型、寿命、在位检测需求》,/device/scrubber/enable_read_rfid,rfid检测开关,,bool,,,FALSE,,
设备控制-滚刷电机,滚刷高度自适应,功能说明：https://gaussian.yuque.com/vhfwq2/ght2yy/upccut?,/device/scrubber/enable_rolling_brush_self_adaption,滚刷自适应开关,使能滚刷自适应,bool,,,TRUE,,
设备控制-滚刷电机,,,/device/scrubber/double_rolling_brush_type,双滚刷类型,"双滚刷类型 0: 双滚刷, 1: 滚刷 + 布刷",int,,,0,,
设备控制-滚刷电机,,,/device/scrubber/keep_rotating_brush_time,NUll,,double,,,10,,
设备控制-滚刷电机,,,/device/scrubber/read_rfid_time,读取RFID时间,,double,0,10,3,,
设备控制-滚刷电机,,,/device/scrubber/rolling_brush_after_spin_level_setting,后滚刷转速等级设置,后滚刷转速等级设置,string,,,"""60,80,100""",,
设备控制-滚刷电机,,,/device/scrubber/rolling_brush_front_spin_level_setting,前滚刷转速等级设置,前滚刷转速等级设置,string,,,"""60,80,100""",,
设备控制-滚刷电机,,,/device/scrubber/rolling_brush_motor_after,后滚刷转速值,,int,0,100,10,,
设备控制-滚刷电机,,,/device/scrubber/rolling_brush_motor_front,前滚刷转速值,,int,0,100,10,,
设备控制-滚刷电机,,,/device/scrubber/rolling_brush_pressure_level,NUll,,int,20,60,,,
设备控制-滚刷电机,,,/device/scrubber/rolling_brush_pressure_level_setting,滚刷压力等级设置,滚刷压力等级设置（电流值）,string,,,"""30,40,50""",,
设备控制-滚刷,滚刷在位检测,https://gaussian.yuque.com/od6ghz/no74yv/xgyzeu55lp2p56tb?singleDoc# 《S-滚刷在位检测》,/device/scrubber/crash_door_open_time,防撞门打开间隔时间,防撞门打开Ts后，再关闭防撞门，立即触发检测。,double,1,30,3,,
设备控制-尘推,使能滚动尘推,,/device/scrubber/enable_dust_push,尘推开关,使能尘推,bool,,,FALSE,,
设备控制-尘推,设备控制-尘推自洁,,/device/scrubber/dust_push_clean_max_idle_duration,尘推自洁空闲时间,尘推自洁空闲时间,double,0,86400,1200,,
设备控制-尘推,设备控制-尘推自洁,,/device/scrubber/dust_push_clean_max_work_duration,尘推自洁工作时间,尘推自洁工作时间,double,1,86400,60,,
设备控制-尘推,设备控制-尘推自洁,,/device/scrubber/dust_push_clean_spin_level_setting,尘推自洁旋转等级设置,尘推自洁旋转等级设置,string,,,"""20,60,100""",,
设备控制-边刷电机,边刷转速等级,,/device/scrubber/side_brush_spin_level_setting,边刷转速等级设置,边刷旋转等级设置,string,,,"""40,60,80""",,
设备检测,踏板在位检测,,/device/scrubber/enable_seat_switch,使能踏板检测功能,true:检测踏板抬起放下； false:检测踏板抬起放下；,bool,,,TRUE,,
设备检测,是否存在存水箱,,/device/scrubber/pure_water_tank,纯水箱在位,设备是否具有纯水箱,bool,,,TRUE,,
设备检测,设备自检功能,https://gaussian.yuque.com/od6ghz/no74yv/xgyzeu55lp2p56tb?singleDoc# 《S-滚刷在位检测》关闭：任务自检时，不会检测尘盒、HEPA等是否在位；打开：,/device/scrubber/enable_get_device_limits,设备自检功能开关,1. 调整原始负压数据检查部分，当负压值异常时，需要继续在吸尘任务模式下监测吸风电机转速的情况；2. 负压堵塞检测和吸风电机转速检测各自独立，在吸尘模式下两种数据都需要持续监测，异常时告警均需发布；3. 告警发布和清除部分： a. 感知主要维护10184和10185的告警，由checker根据高级参数 /device/scrubber/enable_fnl_influence_task 进行转换（默认false）（false表示H1告警，true表示H4告警） b. 告警清除也以10184和10185告警为准；,bool,,,TRUE,,
设备检测,设备状态检测,,/strategy/console/check_device_time,设备检测时间,原/strategy/console/check_device_time 拆分为三个：分别控制上位机 清水，污水，电量的过滤时间,int,0,3600,5,,
设备检测,设备状态检测,,/strategy/console/clean_water_empty_filter_time,清水箱水空过滤时间,清水箱达到0%且持续/clean_water_empty_filter_time后，报纸清水箱空；,int,0,3600,10,,
设备检测,设备状态检测,,/strategy/console/dirty_water_full_filter_time,污水箱水满过滤时间,污水箱达到100%且持续dirty_water_full_filter_time后，报纸清水箱空；,int,0,3600,10,,
设备检测,设备工作限制,功能说明：设备之间工作之间做了限制，例如：刷盘未放下，刷盘不转；,/device/scrubber/enable_device_limit,使能设备限制功能,设备限制开关,bool,,,TRUE,,
设备检测,边刷在位检测,,/device/scrubber/enable_detect_side_brush_installation,边刷在位检测功能开关,,bool,,,TRUE,,
扫图/定位/初步化,转圈初步化,,/strategy/console/initialize_with_circle,转圈初始化,,bool,,,TRUE,,
扫图/定位/初步化,隐藏选点定位功能,功能描述：https://gaussian.yuque.com/vhfwq2/zc0zl8/ky9rr0bvghbcku6p,/strategy/console/disable_select_point_init,隐藏选点定位 功能开关,,bool,,,FALSE,,
扫图/定位/初步化,隐藏选点定位功能,,/strategy/console/disable_select_point_init_new,隐藏选点定位 功能开关,,bool,,,FALSE,,
扫图/定位/初步化,探索建图功能,,/strategy/console/scan_map_task,高仙智导探索建图功能开关,true代表打开探索建图功能false代表关闭探索建图功能,bool,,,FALSE,,
扫图/定位/初步化,开机初步化,,/strategy/console/auto_initialize,开机后自动初始化,,bool,,,TRUE,,
扫图/定位/初步化,,,/gaussian_mapping_v5/LOCALIZATION/POSE_GRAPH/max_bnb_search_window_reduce_linear_rate,搜索窗口膨胀率,当定位状态比较好时，减小匹配的搜索范围，避免超市场景货架无匹配,double,,,,,
扫图/定位/初步化,,,/gaussian_mapping_v5/LOCALIZATION/POSE_GRAPH/multi_hypothesis_constraint_options/trajectory_candidate_options/evaluate_method,定位时多假设评估方法,定位时避免错误的定位跳动的评估方式,string,,,,,
扫图/定位/初步化,,,/gaussian_mapping_v5/LOCALIZATION/TRAJECTORY_BUILDER_2D/pure_localization_trimmer/save_submap_sline,地图自动更新功能开关,,bool,,,,,
扫图/定位/初步化,,,/gaussian_mapping_v5/MAPPING/POSE_GRAPH/constraint_builder/fast_correlative_scan_matcher/max_shortest_path_value,当前节点到submap的最短路径最大阈值,扫图时，与搜索已建地图范围的最大阈值,double,,,,,
扫图/定位/初步化,,,/gaussian_mapping_v5/MAPPING/POSE_GRAPH/multi_hypothesis_constraint_options/enable,扫图时是否开启多假设评估,超市场景需要再扫图时打开多假设，减少扫图时货架误匹配产生的错误定位跳动,bool,,,,,
扫图/定位/初步化,,,/strategy/localization/latent_obstacle/rgbd_topics/pointcloud1,NUll,,bool,,,,,
日清检测,日清检测,功能说明：https://gaussian.yuque.com/od6ghz/no74yv/lua4l34bpoi20kvo?singleDoc# 《机器日清提醒》,/strategy/console/daily_clean_clear_warning_source,NUll,,int,0,2,0,,
日清检测,日清检测,,/strategy/console/daily_clean_L0,NUll,,int,1,7200,720,,
日清检测,日清检测,,/strategy/console/daily_clean_L2,NUll,,int,1,7200,1200,,
日清检测,日清检测,,/strategy/console/daily_clean_remind_level,NUll,,int,0,2,1,,
日清检测,日清检测,,/strategy/console/daily_clean_trigger_40_dust_pkg_cd,NUll,,int,1,100,10,,
日清检测,日清检测,,/strategy/console/daily_clean_trigger_40_hepa_cd,NUll,,int,1,100,10,,
日清检测,日清检测,,/strategy/console/daily_clean_trigger_maintain_cd,NUll,,int,1,100,30,,
日清检测,日清检测,,/strategy/console/daily_clean_trigger_s_dust_box_cd,NUll,,int,1,100,10,,
日清检测,日清检测,,/strategy/console/daily_clean_trigger_s_dust_pkg_cd,NUll,,int,1,100,10,,
日清检测,日清检测,,/strategy/console/daily_clean_trigger_s_rolling_brush_cd,NUll,,int,1,100,10,,
日清检测,日清检测,,/strategy/console/daily_clean_trigger_s_side_brush_cd,NUll,,int,1,100,10,,
日清检测,日清检测,,/strategy/console/daily_clean_trigger_s_water_tank_cd,NUll,,int,1,100,10,,
任务类,自动重启恢复任务,,/strategy/console/reboot/auto_recovery_duration,自动恢复任务超时的时长,,int,0,86400,,,
任务类,自动重启恢复任务,,/strategy/console/reboot/checker_reboot_enable,NUll,,bool,,,,,
任务类,自动重启恢复任务,,/strategy/console/reboot/checker_reboot_interval,自上次成功触发主动重启后，T时间内不再触发主动重启,,int,0,864000,,,
任务类,自动重启恢复任务,,/strategy/console/reboot/no_recovery_duration,自上次活着到下次启动时间相关超过T后，则不再恢复任务/导航,,int,0,86400,,,
任务类,自动重启恢复任务,,/strategy/console/reboot/no_recovery_interval,T间隔内连续异常重启，则不再恢复任务/导航,,int,0,86400,,,
任务类,休息结束自动恢复任务,,/strategy/console/auto_resume_task_sleep_mode_end,睡眠模式结束后自动恢复任务,,bool,,,FALSE,,
任务类,未清洁区域,,/strategy/console/auto_abandon_uncovered_area,任务完成后自动放弃未清洁区域,,bool,,,TRUE,,
任务类,未清洁区域,,/strategy/console/unfilled_path_switch,自动生成未清扫,,bool,,,TRUE,,
任务类,任务中锁屏时短距离手动移动,,/strategy/console/enable_short_distance_move,锁屏时短距离移动功能开关；,,bool,,,TRUE,,
任务类,任务中锁屏时短距离手动移动,,/strategy/console/short_distance_move_length,锁屏时短距离移动最大移动距离；,,int,1,15,5,,
任务类,任务结束自动发送任务报告,,/strategy/console/auto_send_task_report,任务结束后自动发送任务报告,,bool,,,TRUE,,
任务类,覆盖作业偏好类型,,/feature/software/enable_coverage_mode,覆盖作业偏好功能开关,,bool,,,TRUE,,
任务类,覆盖作业偏好类型,https://gaussian.yuque.com/crncal/zcbh0x/ig4t2yebrqw22k54?singleDoc#,/strategy/console/default_coverage_mode,覆盖作业偏好类型,standard 标准efficiency 最大效率coverage 最大覆盖面,string,,,"""standard""",,
任务类,查询当前清洁效率模,,/strategy/gs_parameter/last_cleaning_efficiency_mode,查询当前清洁效率模,记录上一次的模式，高级参数 /strategy/gs_parameter/last_cleaning_efficiency_mode，如果没有则使用standard,string,,,"""standard""",,
任务类,,,/strategy/console/enable_navigation_between_loop_tasks,循环任务间隔，是否开启导航去工作站（此功能暂未启用）,,int,,,0,,
任务类,,,/strategy/console/task_warning_complete_rate,任务警告完成率,,int,,,2,,
任务类,,,/strategy/console/task_warning_time_interval_1,任务警告时间间隔1(任务暂停，长时间无操作的报警),,int,,,1440,,
任务类,,,/strategy/console/task_warning_time_interval_2,任务警告时间间隔2（任务运行，长时间无操作报警）,,int,,,20,,
清洁设备控制,子任务内是否抬设备,打开：子任务之间保持上一个子任务的清洁模式；关闭：子任务之间停止清洁，上一个子任务终点会提前停洗；,/strategy/device_controller/is_on_device_during_tasks,子任务间导航设备开关,true: 子任务间导航开启设备,bool,,,FALSE,,
清洁设备控制,原地转弯增强吸风,功能说明：https://gaussian.yuque.com/od6ghz/no74yv/yhhxa3?singleDoc# 《S线-增强吸风策略》,/device/scrubber/angle_for_enhance_fan_level,原地转弯时增强吸风角速度阈值,,double,,,0.05,,
清洁设备控制,原地转弯增强吸风,,/device/scrubber/fan_level_while_rotating,转弯时吸风增强,,int,,,80,,
清洁设备控制,原地转弯增强吸风,,/device/scrubber/linear_speed_for_enhance_fan_level,原地转弯增强吸风的线速度,,double,,,0.1,,
清洁设备控制,余水处理（手动）,,/device/scrubber/manual_process_water_distance,手动模式余水处理距离,,double,,,12,米,
清洁设备控制,余水处理（手动）,,/device/scrubber/manual_process_water_time,手动模式余水处理时间,,double,,,60,秒,
清洁设备控制,余水处理,上线版本：AIO1.3功能描述：机器人清洗模块作业时，因触发导航或者任务结束时，触发余水处理功能后，马上停水，然后再走process_remaining_water_distance实后再抬起吸水扒与停止吸风；,/device/scrubber/process_remaining_water_distance,正常有水任务完成余水处理的所需距离（AIO1.3-AIO1.4没有用了）,,double,0,100000,12,米,
清洁设备控制,优先导航收水,上线版本：AIO1.4描述描述：打开：优先导航收水；（导航到某点的的过程中收水）；关闭：优先区域收水；（任务结束后，在区域内再规划多余的路径进行收水）,/device/scrubber/enable_navi_priority_water_collection,优先导航收水开关,,bool,,,,,
清洁设备控制,延迟吸风（新）,"上线版本：未知下线版本：功能描述：机器人""清洗""模式作业停止时，延迟keep_suction_new再抬起吸水扒，再延迟keep_squeegee_suction_new停止吸风；应用场景：""余水处理功能结束后"","""","""","""",""""",/device/scrubber/keep_squeegee_suction_new,延迟抬吸水扒时间 T1 秒,,double,0,120,10,秒,
清洁设备控制,延迟吸风（新）,,/device/scrubber/keep_suction_new,延迟关吸风时间 T2 秒（T1秒后再加T2秒）,,double,0,120,5,秒,
清洁设备控制,延迟吸风（旧）,功能说明：当机器人手动作业结束后，机器人会延迟keep_squeegee_suction秒抬吸水扒，延迟keep_squeegee_suction+/keep_suction 关闭吸风；,/device/scrubber/keep_squeegee_suction,吸水扒抬升延迟时间,延时抬吸水扒时间，T1，单位：秒,double,0,120,10,秒,
清洁设备控制,延迟吸风（旧）,"上线版本：未知下线版本：功能描述：机器人""清洗""模式作业停止时，延迟keep_suction再抬起吸水扒，再延迟keep_squeegee_suction停止吸风；应用场景：""暂停或结束清洗任务时"",""结束手动作业 任务时""",/device/scrubber/keep_suction,吸风延迟关闭时间,延时关吸风附加时间，T2，单位：秒,double,0,120,5,秒,
清洁设备控制,延迟停洗,"上线版本：未知 下线版本：AIO1.5（被""余水处理"" 功能替代） 功能描述：机器人""清洗""模式作业时，因补给或告警触发导航至某点（维护点、充电点、工作站点）时，机器人会延迟post_stop_water_distance米停水，延迟post_uplift_brush_distance抬刷盘，延迟post_uplift_squeegee_distance抬吸水扒与停止吸风；",/strategy/device_controller/post_stop_water_distance,延迟停水距离,延迟停水距离,double,,,0,米,
清洁设备控制,延迟停洗,"上线版本：未知 下线版本：AIO1.5（被""余水处理"" 功能替代） 功能描述：机器人""清洗""模式作业时，因补给或告警触发导航至某点（维护点、充电点、工作站点）时，机器人会延迟post_stop_water_distance米停水，延迟post_uplift_brush_distance抬刷盘，延迟post_uplift_squeegee_distance抬吸水扒与停止吸风；",/strategy/device_controller/post_uplift_brush_distance,延迟抬刷盘的距离,延迟抬刷盘距离,double,,,1,米,
清洁设备控制,延迟停洗,"上线版本：未知 下线版本：AIO1.5（被""余水处理"" 功能替代） 功能描述：机器人""清洗""模式作业时，因补给或告警触发导航至某点（维护点、充电点、工作站点）时，机器人会延迟post_stop_water_distance米停水，延迟post_uplift_brush_distance抬刷盘，延迟post_uplift_squeegee_distance抬吸水扒与停止吸风；",/strategy/device_controller/post_uplift_squeegee_distance,延迟抬吸水扒距离,延迟抬吸水扒距离,double,,,10000,米,
清洁设备控制,提前停洗,"上线版本：未知下线版本：功能描述：机器人""清洗""模式作业时，因任务要结束或要经过禁洗区域（地毯区域，减速带区域等）时，会提前stop_water_distance米停水， 提前lift_brush_distance抬刷盘，提前lift_squeegee_distance米抬吸水扒与停止吸风；",/strategy/device_controller/is_fixed_water_distance,固定停水距离开关,true:使用固定停水距离(stop_water_distance),bool,,,TRUE,,
清洁设备控制,提前停洗,"上线版本：未知下线版本：功能描述：机器人""清洗""模式作业时，因任务要结束或要经过禁洗区域（地毯区域，减速带区域等）时，会提前stop_water_distance米停水， 提前lift_brush_distance抬刷盘，提前lift_squeegee_distance米抬吸水扒与停止吸风；",/strategy/device_controller/lift_brush_distance,提前抬刷盘距离,提前抬刷盘的距离,double,0.5,20,5,米,
清洁设备控制,提前停洗,"上线版本：未知下线版本：功能描述：机器人""清洗""模式作业时，因任务要结束或要经过禁洗区域（地毯区域，减速带区域等）时，会提前stop_water_distance米停水， 提前lift_brush_distance抬刷盘，提前lift_squeegee_distance米抬吸水扒与停止吸风；",/strategy/device_controller/lift_squeegee_distance,提前抬吸水扒的距离,提前抬吸水扒距离,double,,,0.3,米,
清洁设备控制,提前停洗,"上线版本：未知下线版本：功能描述：机器人""清洗""模式作业时，因任务要结束或要经过禁洗区域（地毯区域，减速带区域等）时，会提前stop_water_distance米停水， 提前lift_brush_distance抬刷盘，提前lift_squeegee_distance米抬吸水扒与停止吸风；",/strategy/device_controller/max_stop_water_distance,最大停水距离,最大停水距离,double,,,5,米,
清洁设备控制,提前停洗,"上线版本：未知下线版本：功能描述：机器人""清洗""模式作业时，因任务要结束或要经过禁洗区域（地毯区域，减速带区域等）时，会提前stop_water_distance米停水， 提前lift_brush_distance抬刷盘，提前lift_squeegee_distance米抬吸水扒与停止吸风；",/strategy/device_controller/min_stop_water_distance,最小停水距离,最小停水距离,double,,,2,米,
清洁设备控制,提前停洗,"上线版本：未知下线版本：功能描述：机器人""清洗""模式作业时，因任务要结束或要经过禁洗区域（地毯区域，减速带区域等）时，会提前stop_water_distance米停水， 提前lift_brush_distance抬刷盘，提前lift_squeegee_distance米抬吸水扒与停止吸风；",/strategy/device_controller/stop_water_distance,固定停水距离,固定停水距离,double,0.5,30,12,米,
清洁设备控制,设备延迟停止,○ 手动作业时，当机器人速度为0（线速度和角速度均为0）时，启动设备延迟停止流程；○ 当机器人处于延迟停止设备的流程中时，如果检测到机器人的 线速度大于0.1m/s（往前的速度）或者角速度绝对值大于0.2rad/s 时，中断延迟设备流程，恢复正常作业的设备等级；,/device/scrubber/delay_pasue_manual_cleaning_time1,手动作业中 机器静止延迟停设备时间1,,double,,,5,秒,
清洁设备控制,设备延迟停止,○ 手动作业时，当机器人速度为0（线速度和角速度均为0）时，启动设备延迟停止流程；○ 当机器人处于延迟停止设备的流程中时，如果检测到机器人的 线速度大于0.1m/s（往前的速度）或者角速度绝对值大于0.2rad/s 时，中断延迟设备流程，恢复正常作业的设备等级；,/device/scrubber/delay_pasue_manual_cleaning_time2,手动作业中 机器静止延迟停设备时间2,,double,,,3,秒,
清洁设备控制,设备延迟停止,○ 手动作业时，当机器人速度为0（线速度和角速度均为0）时，启动设备延迟停止流程；○ 当机器人处于延迟停止设备的流程中时，如果检测到机器人的 线速度大于0.1m/s（往前的速度）或者角速度绝对值大于0.2rad/s 时，中断延迟设备流程，恢复正常作业的设备等级；,/device/scrubber/delay_stop_suction_manual_cleaning,手动作业中 机器静止延迟停吸风时间,,double,,,60,秒,
清洁设备控制,余水处理,已经弃用；,/strategy/clean_device_control/traveled_length_threshold,余水处理距离（AIO1.1版本不再使用）,,double,0.5,30,12,,
清洁配置类,吸尘清洁配置,,/device/scrubber/vacuum_fan_level_setting,吸尘 吸力,,string,,,"""40,50,60""",,
清洁配置类,吸尘清洁配置,,/device/scrubber/vacuum_power_rolling_brush_pressure_level_setting,吸尘 清洁压力（强劲）,,string,1,60,"""55,55,55""",,
清洁配置类,吸尘清洁配置,,/device/scrubber/vacuum_rolling_brush_front_spin_level_setting,吸尘 滚刷转速,,string,,,"""60,80,100""",,
清洁配置类,吸尘清洁配置,,/device/scrubber/vacuum_side_brush_spin_level_setting,吸尘 边刷转速,,string,,,"""100,100,100""",,
清洁配置类,吸尘清洁配置,,/device/scrubber/vacuum_standard_rolling_brush_pressure_level_setting,吸尘 清洁压力（标准）,,string,1,60,"""55,55,55""",,
清洁配置类,吸尘清洁配置,,/device/scrubber/vacuum_super_rolling_brush_pressure_level_setting,吸尘 清洁压力（超强）,,string,1,60,"""55,55,55""",,
清洁配置类,吸尘清洁配置,,/device/scrubber/wash_fan_level_setting,清洗 吸力,,string,,,"""40,50,60""",,
清洁配置类,清洗清洁配置,,/device/scrubber/clean_power_rolling_brush_pressure_level_setting,清扫 清洁压力（强劲）,,string,1,60,"""55,55,55""",,
清洁配置类,清洗清洁配置,,/device/scrubber/wash_power_rolling_brush_pressure_level_setting,清洗 清洁压力（强劲）,,string,1,60,"""55,55,55""",,
清洁配置类,清洗清洁配置,,/device/scrubber/wash_rolling_brush_front_spin_level_setting,清洗 前滚刷转速,,string,,,"""60,80,100""",,
清洁配置类,清洗清洁配置,,/device/scrubber/wash_side_brush_spin_level_setting,清洗 边刷转速,,string,,,"""80,80,80""",,
清洁配置类,清洗清洁配置,,/device/scrubber/wash_standard_rolling_brush_pressure_level_setting,清洗 清洁压力（标准）,,string,1,60,"""55,55,55""",,
清洁配置类,清洗清洁配置,,/device/scrubber/wash_super_rolling_brush_pressure_level_setting,清洗 清洁压力（超强）,,string,1,60,"""55,55,55""",,
清洁配置类,清洗清洁配置,,/device/scrubber/wash_water_level_setting,清洗 水量,,string,,,"""11,14,19""",,
清洁配置类,清扫清洁配置,,/device/scrubber/clean_rolling_brush_front_spin_level_setting,清扫 滚刷转速,,string,,,"""60,80,100""",,
清洁配置类,清扫清洁配置,,/device/scrubber/clean_side_brush_spin_level_setting,清扫 边刷转速,,string,,,"""80,80,80""",,
清洁配置类,清扫清洁配置,,/device/scrubber/clean_standard_rolling_brush_pressure_level_setting,清扫 清洁压力（标准）,,string,1,60,"""55,55,55""",,
清洁配置类,清扫清洁配置,,/device/scrubber/clean_super_rolling_brush_pressure_level_setting,清扫 清洁压力（超强）,,string,1,60,"""55,55,55""",,
清洁配置类,清扫清洁配置,,/device/scrubber/dp_power_rolling_brush_pressure_level_setting,尘推 清洁压力（强劲）,,string,1,60,"""55,55,55""",,
清洁配置类,清洁宽度自适应,,/device/scrubber/brush_type,刷盘类型,"0: 盘刷, 1: 滚刷",int,,,1,,
清洁配置类,清洁宽度自适应,,/device/scrubber/dust_push_type,尘推类型,"尘推类型 0: 普通尘推, 1: 滚动尘推",int,,,0,,
清洁配置类,清洁宽度自适应,,/device/scrubber/squeegee_type,吸水扒类型,"吸水扒类型 0: 软胶吸水扒, 1: 滚轮吸水扒",int,,,0,,
清洁设备控制,轮印功能,功能说明：https://gaussian.yuque.com/pnc/yu7uqr/wzsd6s4bt4ghu0ty?singleDoc# 《AIO-1.1 S线轮印动作开启》,/strategy/move_base/wheel_prints_clean,开启轮印功能,,bool,,,FALSE,,
清洁配置类,尘推清洁配置,,/device/scrubber/dp_standard_rolling_brush_pressure_level_setting,尘推 清洁压力（标准）,,string,1,60,"""55,55,55""",,
清洁配置类,尘推清洁配置,,/device/scrubber/dp_super_rolling_brush_pressure_level_setting,尘推 清洁压力（超强）,,string,1,60,"""55,55,55""",,
清洁配置类,尘推清洁配置,,/device/scrubber/dust_push_rolling_brush_front_spin_level_setting,尘推 滚刷转速,,string,,,"""60,80,100""",,
清洁配置类,尘推清洁配置,功能说明：https://gaussian.yuque.com/od6ghz/no74yv/wiyzp7?singleDoc# 《高仙智导支持S线清洁模式的设备等级配置》,/device/scrubber/dust_push_side_brush_spin_level_setting,尘推 边刷转速,,string,,,"""80,80,80""",,
清洁配置类,,https://gaussian.yuque.com/od6ghz/no74yv/pq03ga2mw01patg5?singleDoc# 《AIO 残留水（垃圾）处理方案优化》,/device/scrubber/delay_lift_squeegee_with_water,延迟停洗开关,有水任务：任务中触发导航，先停喷水并触发余水路径规划，如延迟停洗开关打开，保持吸水扒与吸风工作，直到工作站点、导航乘梯点、禁洗区域前。盘刷尘推任务：任务中触发导航，如下放尘推板开关打开，会保持下放尘推板，直到工作站点、乘梯点，或者是过禁洗区域前。,bool,,,FALSE,,
清洁配置类,,,/strategy/console/cleaning_mode_switch,清洁模式开关,,bool,,,TRUE,,
清洁配置类,,已经弃用,/strategy/console/non_stop_device,目前不在起作用.两个路径之间不停设备(家东：现在这个参数控制不了，都是直接由device控制),,bool,,,FALSE,,
其它-软件升级,,,/device/scrubber/enable_mcu_debug,打开mcu调试,"0: off, 1: on",bool,,,FALSE,,
其它-调试,,,/device/scrubber/mcu_debug_channel,mcu调试频道,,int,0,255,0,,
其它,语音播报间隔,,/strategy/console/play_sound_interval,语音播报间隔,,double,0,500,30,,
其它,补光灯开关,,/strategy/compensate_light/compensate_flag,补光灯开关设置,3（11）：代表全开；0（00）：代表全关；1（01）：代表前补光灯打开，后补光灯关闭；2（10）：代表前补光灯关闭，后补光灯打开；,int,0,255,0,,
其它,保存故障数据,"对于会影响任务开始与导致任务暂停的报警,会自动将此段时间的日志跟包转移到/root/error_logs文件夹里面,文 件夹内部文件命名格式为报警代码跟时间, 保存时间为7天.(如果发现报警时间段内对应地址没有日志跟包,到/root/error_logs目录下去找)",/strategy/chassis/save_error_flag,故障数据保存功能开关,故障数据保存功能开关，如果关闭将不能记录触发H4以上的告警，或者mvp级别的告警的内容,bool,,,TRUE,,
其它,安全锁功能,功能说明：https://gaussian.yuque.com/vhfwq2/zc0zl8/pg1k63x1l8esyz7v,/strategy/iec/force_unleashed,NUll,为了保证CE-MD认证版机器在现场的流畅运行，aio1.2针对认证版机器的特殊自旋以及后退 做了改进1. 增加安全锁 开关 开关关闭时，会以最严格安全要求，对机器人的自旋后退进行限制 strategy/iec/force_unleasheda. 会以工艺方式导入生产，开关默认关闭，生产后试跑期间，需要将此开关打开，打包前，需要将此开关关闭；b. 客户现场现场开箱后，需要将此开关打开，会导入部署sop中,bool,,,TRUE,,
其它,安全锁功能,,/strategy/iec/PB63327,NUll,,bool,,,TRUE,,
对桩/充电/加排水,自动充电,,/strategy/console/auto_charge,自动充电,,bool,,,TRUE,,
对桩/充电/加排水,强制对桩功能,功能说明：如果未预约成功，等待30秒且有开启强制怼桩功能，SW通知PNC上桩；如果没有开启强制对桩，会一直在桩前等待预约,/feature/software/is_force_docking_enable,强制对桩功能,,bool,,,TRUE,,
对桩/充电/加排水,工作站属性,打开：机器人返回充电桩后进行充电；关闭：机器人返回充电桩后不进行充电；,/strategy/gs_work_station/workstation_charge_enable,使能工作站充电功能,,bool,,,TRUE,,
对桩/充电/加排水,工作站点能力,决定工作站点的能力配置为1：支持充电；不支持加水、排水配置为6：支持加水、排水，不支持充电 配置为7：支持充电、加水、排水,/strategy/gs_work_station/configed_robot_ability,机器人在工作站上的补给能力,1 充电；2 加水；4 排污,int,1,2147483647,7,,
对桩/充电/加排水,电池-充电,电量低于low_battery_with_charge%时，机器人返回补给点（维护点、充电点、工作站点）,/strategy/console/low_battery_with_charge,触发低电值,触发低电值,int,0,100,10,%,
对桩/充电/加排水,充电结束自动恢复任务,打开：充电完成后，若机器人有未完成的任务，会继续任务；关闭：充电完成后，若机器人有未完成的任务，机器人不会继续任务；,/strategy/console/resume_task_after_auto_charge,自动充电完成后恢复任务的开关,,bool,,,TRUE,,
对桩/充电/加排水,按需充电,电量高于max_battery_with_charge&时，机器人认为电量已经充满；功能说明：https://gaussian.yuque.com/od6ghz/no74yv/dh1lgp?singleDoc# 《按需充电》https://gaussian.yuque.com/od6ghz/no74yv/yhspkc?singleDoc# 《gs_workstation介绍》,/strategy/console/max_battery_with_charge,你电回充后至于要充电此电量值才能出桩,充电上限保护,int,0,100,97,%,
对桩/充电/加排水,,,/device/scrubber/charger_stable_time,充电状态检测滤波时间,,double,0,10,2,秒,
对桩/充电/加排水,,,/feature/software/ebable_workstation_abilities,工作站能力配置,,bool,,,FALSE,,
对桩/充电/加排水,,,/strategy/gs_work_station/auto_recovery_second,NUll,,int,120,1200,,,
对桩/充电/加排水,,,/strategy/gs_work_station/open_lora_check_warning,NUll,,bool,,,FALSE,,
对桩/充电/加排水,lora预约功能,,/strategy/gs_work_station/lora_connect_range,lora信号覆盖范围,对桩导航到小于配置的范围才进行预约,double,1,10000,5,,
对桩/充电/加排水,lora预约功能,机器人对桩前使用lora预约工作站，预约上后再进行对桩；,/strategy/gs_work_station/need_order,lora预约功能开关,充电点对桩是否需要预约lora,bool,,,FALSE,,
电池电源类,虚拟电量与真实电量,使用电池反馈的电量信息,/device/battery/use_real_electricity,使用真实电量,使用电池反馈的电池电量绿色:使用真实电量；灰色:不使用真实电量,bool,,,TRUE,,
电池电源类,虚拟电量与真实电量,根据检测到的电池电压来计算电池电量；,/device/battery/use_voltage_level,使用模拟电量,假电量(根据电压计算)绿色:使用模拟电量；灰色:不使用模拟电量,bool,,,FALSE,,
电池电源类,虚拟电量与真实电量,根据检测到的电池电压来计算电池电量；,/device/battery/voltage_level,模拟电量与电池电压对应关系,根据电池电压计算模拟电量。,string,,,"""23.0,23.3,23.6,23.9,24.2,24.5,24.8,25.1,25.4,25.7,26.0""",,
电池电源类,电源-过流保护,功能说明：https://gaussian.yuque.com/od6ghz/no74yv/pghyd3loh6oqp43t?singleDoc# 《S线过流保护开发文档》https://gaussian.yuque.com/od6ghz/no74yv/rwgqosz1dgdteaty?singleDoc# 《M线- 过流保护开发文档》,/strategy/chassis/overcurrent_protect/enable_current_monitor,开启整机电流监控功能开关,,bool,,,,,
电池电源类,电源-低电量关机保护,功能说明：当打开gs_power_protect/valid参数后，当电量低于danger_power_percent时，机器人判断是否处于安全地带，若是会触 发告警并关机；若不是返回安全地带；当电量低于shut_power_percent时直接触发关机；https://gaussian.yuque.com/vhfwq2/liysn5/lmclg1wern5hyakc#ZK8P4,/strategy/gs_power_protect/danger_power_percent,提示自动关机电量阈值,低与此阈值:提示,int,5,9,5,,
电池电源类,电源-低电量关机保护,功能说明：当打开gs_power_protect/valid参数后，当电量低于danger_power_percent时，机器人判断是否处于安全地带，若是会触 发告警并关机；若不是返回安全地带；当电量低于shut_power_percent时直接触发关机；https://gaussian.yuque.com/vhfwq2/liysn5/lmclg1wern5hyakc#ZK8P4,/strategy/gs_power_protect/shut_power_percent,自动关机电量阈值,低与此阈值:触发自动关机功能,int,1,3,2,,
电池电源类,电源-低电量关机保护,功能说明：当打开gs_power_protect/valid参数后，当电量低于danger_power_percent时，机器人判断是否处于安全地带，若是会触 发告警并关机；若不是返回安全地带；当电量低于shut_power_percent时直接触发关机；https://gaussian.yuque.com/vhfwq2/liysn5/lmclg1wern5hyakc#ZK8P4,/strategy/gs_power_protect/valid,电量低自动关机功能开关,打开:使用电量低自动关机功能,bool,,,FALSE,,
电池电源类,低l功耗功能,功能说明：若打开了low_power_mode_enable，low_power_mode_prohibit_timer内没有定时任务，且机器人已经空闲了low_power_mode_timer分钟，机器人会进行低功能模式；低功耗功能说明：https://gaussian.yuque.com/od6ghz/no74yv/yv9vidp23w7s7xya?singleDoc# 《低功耗闭环方案》,/strategy/console/low_power_mode_enable,低功耗模式功能开关 开启/关闭,,bool,,,TRUE,,
电池电源类,低l功耗功能,功能说明：若打开了low_power_mode_enable，low_power_mode_prohibit_timer内没有定时任务，且机器人已经空闲了low_power_mode_timer分钟，机器人会进行低功能模式；低功耗功能说明：https://gaussian.yuque.com/od6ghz/no74yv/yv9vidp23w7s7xya?singleDoc# 《低功耗闭环方案》,/strategy/console/low_power_mode_prohibit_timer,N分钟有定时任务计划，不进入低功耗,,int,10,60,30,,
电池电源类,低l功耗功能,功能说明：若打开了low_power_mode_enable，low_power_mode_prohibit_timer内没有定时任务，且机器人已经空闲了low_power_mode_timer分钟，机器人会进行低功能模式；低功耗功能说明：https://gaussian.yuque.com/od6ghz/no74yv/yv9vidp23w7s7xya?singleDoc# 《低功耗闭环方案》,/strategy/console/low_power_mode_timer,空闲N分钟进入低功耗配置(分钟),,int,10,60,30,,
电池电源类,SOC电量判断自动回桩,功能描述：当soc_switch参数打开；当电量低于soc_battery，且检测到soc电压soc_voltage，持续soc_voltage_time秒，且reset_count_battery大于soc_battery时，机器人就会返回充电桩；,/strategy/console/reset_count_battery,重置电池电量,,int,,,35,,
电池电源类,SOC电量判断自动回桩,功能描述：当soc_switch参数打开；当电量低于soc_battery，且检测到soc电压soc_voltage，持续soc_voltage_time秒，且reset_count_battery大于soc_battery时，机器人就会返回充电桩；,/strategy/console/soc_battery,触发低电回桩的SOC电量阈值,,int,,,30,,
电池电源类,SOC电量判断自动回桩,功能描述：当soc_switch参数打开；当电量低于soc_battery，且检测到soc电压soc_voltage，持续soc_voltage_time秒，且reset_count_battery大于soc_battery时，机器人就会返回充电桩；,/strategy/console/soc_switch,通过SOC电压触发低电回桩的功能开关,通过检测SOC电压来判断电量低；,bool,,,FALSE,,
电池电源类,SOC电量判断自动回桩,功能描述：当soc_switch参数打开；当电量低于soc_battery，且检测到soc电压soc_voltage，持续soc_voltage_time秒，且reset_count_battery大于soc_battery时，机器人就会返回充电桩；,/strategy/console/soc_voltage,触发低电回桩的SOC电压阈值,,int,,,249,,
电池电源类,SOC电量判断自动回桩,功能描述：当soc_switch参数打开；当电量低于soc_battery，且检测到soc电压soc_voltage，持续soc_voltage_time秒，且reset_count_battery大于soc_battery时，机器人就会返回充电桩；,/strategy/console/soc_voltage_time,触发低电回桩的SOC电压时间阈值,,int,,,120,,
地图,障碍物标记,,/move_base/global_costmap/not_decrease,costmap永久标记开关,true打开永久标记false表示关闭,bool,,,TRUE,,
地图,膨胀距离,,/strategy/coamap_2d/carpet_material_inflation_dis,地毯材质膨胀距离,,double,,,0,,
地图,,,/move_base/global_costmap/update_laser_3d/laser_3d_sensor/max_obstacle_height,3d激光最高标记高度，根据车身高度调整,一般不改,double,,,,,
地图,,,/move_base/global_costmap/update_ultra/check_marker_radius,NUll,,double,,,,,
地图,,,/move_base/global_costmap/update_ultra/use_filter,NUll,,bool,,,,,
地图,,,/move_base/global_costmap/update_ultra/use_predict,NUll,,bool,,,,,
传感器-摄像头,跌落区域检测,,/strategy/realsense2/anti_drop_effect_enable,斜视防跌落功能生效开关（触发防跌落后是否刹车和标记）,,bool,,,TRUE,,
传感器-摄像头,跌落区域检测,,/strategy/realsense2/anti_drop_image_boundary_deficiency_detect,是否通过深度图缺失检测跌落,（在部分sr300失效环境可能有效，缺点是此方法可能容易误触发）,bool,,,FALSE,,
传感器-气压防碰撞,防碰撞功能（气压）,,/device/anti_drop/anti_drop0/distance_threshold,NUll,,double,0,2,,,
传感器-气压防碰撞,防碰撞功能（气压）,,/device/anti_drop/anti_drop0/screened,防跌落0开关,绿色:屏蔽；灰色:启用,bool,,,,,
传感器-气压防碰撞,防碰撞功能（气压）,,/device/anti_drop/anti_drop1/distance_threshold,NUll,,double,0,2,,,
传感器-气压防碰撞,防碰撞功能（气压）,,/device/anti_drop/anti_drop1/screened,防跌落1开关,绿色:屏蔽；灰色:启用,bool,,,,,
传感器-气压防碰撞,防碰撞功能（气压）,,/device/anti_drop/anti_drop2/distance_threshold,NUll,,double,0,2,,,
传感器-气压防碰撞,防碰撞功能（气压）,,/device/anti_drop/anti_drop2/screened,防跌落2开关,绿色:屏蔽；灰色:启用,bool,,,,,
传感器-气压防碰撞,防碰撞功能（气压）,,/device/anti_drop/anti_drop3/distance_threshold,NUll,,double,0,2,,,
传感器-气压防碰撞,防碰撞功能（气压）,,/device/anti_drop/anti_drop3/screened,防跌落3开关,绿色:屏蔽；灰色:启用,bool,,,,,
传感器-气压防碰撞,防碰撞功能（气压）,,/device/protector/protector4/screened,防撞条4屏蔽,打开:屏蔽防撞条功能，关闭:打开防撞条功能,bool,,,,,
传感器-气压防碰撞,防碰撞功能（气压）,,/device/protector/protector7/screened,防撞条7屏蔽,打开:屏蔽防撞条功能，关闭:打开防撞条功能,bool,,,,,
传感器-激光,激光安全区域,,/strategy/laser_filter/safe_area_filter/length_0,激光安全区域长0,,double,0,10,,,
传感器-激光,激光安全区域,,/strategy/laser_filter/safe_area_filter/length_1,激光安全区域长1,,double,0,10,,,
传感器-激光,激光安全区域,,/strategy/laser_filter/safe_area_filter/width_0,激光安全区域宽0,,double,0,10,,,
传感器-激光,激光安全区域,,/strategy/laser_filter/safe_area_filter/width_1,激光安全区域宽1,,double,0,10,,,
传感器-负压传感器,负压检测-,,/device/scrubber/enable_fnl_cali_param,负压检测是否使用标定参数开关,,bool,,,FALSE,,
传感器-负压传感器,负压检测-,,/device/scrubber/enable_fnl_check,使能负压检测功能,,bool,,,TRUE,,
传感器-负压传感器,负压检测-,功能说明：通过检测水箱风负压情况，来判断吸污管路是否堵塞，是否漏气；,/device/scrubber/suction_pressure_beneath_limit_voltage_setting,电压偏低告警阈值,电压偏低告警阈值,string,,,"""2.15,2.10,2.00""",,
传感器-负压传感器,负压检测-,功能说明：https://gaussian.yuque.com/od6ghz/no74yv/gu3wn0?singleDoc# 《负压传感器（40/50）》,/device/scrubber/suction_pressure_limit_level_setting,负压：风机占空比,负压：风机占空比,string,,,"""40,50,60""",,
传感器-负压传感器,负压检测-,功能说明：https://gaussian.yuque.com/od6ghz/no74yv/gu3wn0?singleDoc# 《负压传感器（40/50）》,/device/scrubber/suction_pressure_over_limit_voltage_setting,电压偏高告警阈值,吸风机堵塞时电压偏高阈值,string,,,"""2.41,2.38,2.33""",,
传感器-防撞,传感器-防撞条,,/device/protector/protector_voltage_limit,气压传感器最低有效电压值 mV,,int,0,5000,420,,
传感器-防撞,传感器-防撞条,,/device/protector/protector5/screened,防撞条5屏蔽,打开:屏蔽防撞条功能，关闭:打开防撞条功能,bool,,,,,
传感器-防撞,传感器-防撞条,,/device/protector/protector6/screened,防撞条6屏蔽,打开:屏蔽防撞条功能，关闭:打开防撞条功能,bool,,,,,
传感器-超声,下位机访问这个超声的次序,,/device/ultrasonic/ultrasonic0/mcu_access_precedence,超声0,下位机访问这个超声的次序,int,0,7,,,
传感器-超声,下位机访问这个超声的次序,,/device/ultrasonic/ultrasonic1/mcu_access_precedence,超声1,下位机访问这个超声的次序,int,0,7,,,
传感器-超声,下位机访问这个超声的次序,,/device/ultrasonic/ultrasonic2/mcu_access_precedence,超声2,下位机访问这个超声的次序,int,0,7,,,
传感器-超声,下位机访问这个超声的次序,,/device/ultrasonic/ultrasonic3/mcu_access_precedence,超声3,下位机访问这个超声的次序,int,0,7,,,
传感器-超声,下位机访问这个超声的次序,,/device/ultrasonic/ultrasonic4/mcu_access_precedence,超声4,下位机访问这个超声的次序,int,0,7,,,
传感器-超声,下位机访问这个超声的次序,,/device/ultrasonic/ultrasonic5/mcu_access_precedence,超声5,下位机访问这个超声的次序,int,0,7,,,
传感器-超声,超声屏蔽功能开关,,/device/ultrasonic/ultrasonic0/screened,超声0开关,关闭:使用超声；打开:不使用超声,bool,,,,,
传感器-超声,超声屏蔽功能开关,,/device/ultrasonic/ultrasonic1/screened,超声1开关,关闭:使用超声；打开:不使用超声,bool,,,,,
传感器-超声,超声屏蔽功能开关,,/device/ultrasonic/ultrasonic2/screened,超声2开关,关闭:使用超声；打开:不使用超声,bool,,,,,
传感器-超声,超声屏蔽功能开关,,/device/ultrasonic/ultrasonic3/screened,超声3开关,关闭:使用超声；打开:不使用超声,bool,,,,,
传感器-超声,超声屏蔽功能开关,,/device/ultrasonic/ultrasonic4/screened,超声4开关,关闭:使用超声；打开:不使用超声,bool,,,,,
传感器-超声,超声屏蔽功能开关,,/device/ultrasonic/ultrasonic5/screened,超声5开关,关闭:使用超声；打开:不使用超声,bool,,,,,
传感器,主激光噪点过滤,功能说明：https://gaussian.yuque.com/rh21ns/ge7rk8/ul2idfi6eshi9hu2?singleDoc# 《Phantas 安全旗帜解决方案》,/strategy/scan_filters/special_angle_cluster_filter,激光噪点过滤功能开关,机器人上安装了小旗帜需要将此参数打开；,bool,,,FALSE,,
传感器,小瞳激光-防撞,功能描述：https://gaussian.yuque.com/perception/documents/ygu8129ir5h42bgx,/device/function_safe_board/mcu1_obstacle/screened,左避障小瞳,,bool,,,,,
传感器,小瞳激光-防撞,功能描述：https://gaussian.yuque.com/perception/documents/ygu8129ir5h42bgx,/device/function_safe_board/mcu2_obstacle/screened,右避障小瞳,,bool,,,,,
传感器,小瞳激光-防跌落,功能描述：https://gaussian.yuque.com/perception/documents/ygu8129ir5h42bgx,/device/function_safe_board/mcu1_drop/screened,左防跌落小瞳,,bool,,,,,
传感器,小瞳激光-防跌落,功能描述：https://gaussian.yuque.com/perception/documents/ygu8129ir5h42bgx,/device/function_safe_board/mcu2_drop/screened,右防跌落小瞳,,bool,,,,,
传感器,小瞳-斜视激光低矮障碍物检测,功能说明：https://gaussian.yuque.com/perception/documents/nxdpqgs6qxttx33c,/strategy/lean_lidar_pipeline/nonground_obstacle_height_min,XD1Q算法找不到地面时候检测的绝对障碍物高度,,double,0,0.1,0.04,,
传感器,小瞳-斜视激光低矮障碍物检测,功能说明：https://gaussian.yuque.com/perception/documents/nxdpqgs6qxttx33c,/strategy/lean_lidar_pipeline/nonground_obstacle_height_min2,XD1F的绝对高度检测阈值,,double,0,0.1,0.035,,
传感器,小瞳-斜视激光低矮障碍物检测,功能说明：https://gaussian.yuque.com/perception/documents/nxdpqgs6qxttx33c,/strategy/lean_lidar_pipeline/obstacle_height_thresh,XD1Q障碍物检测的range差阈值,,double,0,0.1,0.04,,
传感器,小瞳-斜视激光低矮障碍物检测,功能说明：https://gaussian.yuque.com/perception/documents/nxdpqgs6qxttx33c,/strategy/lean_lidar_pipeline/obstacle_height_thresh2,XD1F的障碍物检测range差阈值,,double,0,0.1,0.04,,
传感器,摄像头防跌落,,/strategy/camera_anti_drop_enable,使能摄像头防跌落功能,,bool,,,,,
传感器,,,/strategy/laser_obscured/obscured_propotion_thresh,NUll,,double,0,1,0.8,,
PNC运动控制,窄通道识别与通行,,/strategy/narrow_path/path_type,窄通道类型,0是默认值，能规划就过； 1是过窄道； 2是不过窄道； 40，50都一样,int,0,2,1,,
PNC运动控制,窄通道识别与通行,,/strategy/narrow_path/use_narrow_map,窄通道开关,true是打开；false是关闭,bool,,,FALSE,,
PNC运动控制,运行速度-速度设置（跟线）,,/strategy/follow_base/speed_level_setting,程序没调用；速度设置（跟线）,,string,,,"""0.4,0.6,0.8,1.2""",,
PNC运动控制,运行速度-速度设置（导航）,,/strategy/goal_base/speed_level_setting,程序没调用；速度设置（导航）,"导航速度的路径为launch/PNC/2.0/param/pnc/gaussian.yaml, 找到constraint字段下的max_velocity_linear参数(此机器默认1.2), 修改想要的数值即可, 重启机器生效.",string,,,"""0.4,0.5,0.6""",,
PNC运动控制,运行速度-速度等级（跟线）,,/strategy/follow_base/speed_level,程序没调用；速度等级（跟线）,,int,,,-1,,
PNC运动控制,运行速度-速度等级（导航）,,/strategy/goal_base/speed_level,程序没调用；速度等级（导航）,,int,,,-1,,
PNC运动控制,效率模式功能,功能说明：https://gaussian.yuque.com/pnc/yu7uqr/ws1kaxfkgyopmpbn?singleDoc# 《autocover4.0效率提升部署说明》,/strategy/move_base/efficiency_submode,效率模式功能开关,1：机器人会按照最快的加速度去跑,int,0,1,0,,
PNC运动控制,贴边运行参数,功能说明：https://gaussian.yuque.com/pnc/yu7uqr/ypzgpucdabgaxem5?singleDoc# 《贴边能力介绍&参数修改》,/strategy/depthcam_fusion/is_wall_line_switch_on,识别墙线功能开关,,bool,,,TRUE,,
PNC运动控制,贴边运行参数,功能说明：https://gaussian.yuque.com/pnc/yu7uqr/ypzgpucdabgaxem5?singleDoc# 《贴边能力介绍&参数修改》,/strategy/edge_planner/obstacle_max_safe_buffer,"周围有障碍物点云的情况下,贴边的最大buffer",,double,0,0.1,0.075,,
PNC运动控制,贴边运行参数,功能说明：https://gaussian.yuque.com/pnc/yu7uqr/ypzgpucdabgaxem5?singleDoc# 《贴边能力介绍&参数修改》,/strategy/fwc/skirting_distance,PSD贴边距离,,double,0,0.03,0,,
PNC运动控制,贴边运行参数,功能说明：https://gaussian.yuque.com/pnc/yu7uqr/ypzgpucdabgaxem5?singleDoc# 《贴边能力介绍&参数修改》,/strategy/move_base/use_virtual_wall_edge,贴边虚拟墙功能开关,,bool,,,TRUE,,
PNC运动控制,贴边运行参数,功能说明：https://gaussian.yuque.com/pnc/yu7uqr/ypzgpucdabgaxem5?singleDoc# 《贴边能力介绍&参数修改》,/strategy/pnc/edge_scenario/enable_detect_ex_corner,识别阳角功能开关,,bool,,,,,
PNC运动控制,贴边运行参数,功能说明：https://gaussian.yuque.com/pnc/yu7uqr/ypzgpucdabgaxem5?singleDoc# 《贴边能力介绍&参数修改》,/strategy/pnc/edge_scenario/enable_detect_in_corner,识别阴角功能开关,,bool,,,,,
PNC运动控制,贴边运行参数,功能说明：https://gaussian.yuque.com/pnc/yu7uqr/ypzgpucdabgaxem5?singleDoc# 《贴边能力介绍&参数修改》,/strategy/pnc/edge_scenario/enable_follow_edge,贴边总开关,,bool,,,,,
PNC运动控制,贴边运行参数,功能说明：https://gaussian.yuque.com/pnc/yu7uqr/ypzgpucdabgaxem5?singleDoc# 《贴边能力介绍&参数修改》,/strategy/pnc/edge_scenario/enable_follow_virtual_wall_lines,贴边虚拟墙功能开关,,bool,,,,,
PNC运动控制,贴边运行参数,功能说明：https://gaussian.yuque.com/pnc/yu7uqr/ypzgpucdabgaxem5?singleDoc# 《贴边能力介绍&参数修改》,/strategy/pnc/edge_scenario/follow_edge_min_safe_distance,贴边的最小距离,,double,0,0.05,,,
PNC运动控制,贴边运行参数,功能说明：https://gaussian.yuque.com/pnc/yu7uqr/ypzgpucdabgaxem5?singleDoc# 《贴边能力介绍&参数修改》,/strategy/pnc/edge_scenario/follow_obstacle_max_safe_distance,贴边障碍物的最大距离,,double,0,0.2,,,
PNC运动控制,贴边运行参数,功能说明：https://gaussian.yuque.com/pnc/yu7uqr/ypzgpucdabgaxem5?singleDoc# 《贴边能力介绍&参数修改》,/strategy/realtime_auto_cover/enable_wall_tracking,实时自动覆盖贴边开关,关闭：贴边能力恢复位整机合并版改动前状态，确保清洁效率打开：保证现有贴边优化效果，提升清洁效果；,bool,,,TRUE,,
PNC运动控制,贴边运行参数,功能说明：https://gaussian.yuque.com/pnc/yu7uqr/ypzgpucdabgaxem5?singleDoc# 《贴边能力介绍&参数修改》,/strategy/realtime_auto_cover/safe_distance,实时自动覆盖贴边距离（M线贴边）,,double,,,0.04,,
PNC运动控制,贴边运行参数,功能说明：https://gaussian.yuque.com/pnc/yu7uqr/ypzgpucdabgaxem5?singleDoc# 《贴边能力介绍&参数修改》,/strategy/realtime_auto_cover/use_virtual_wall_tracking,实时自动覆盖贴虚拟墙开关,影响M线贴虚拟墙功能，不影响S线贴虚拟墙功能,bool,,,FALSE,,
PNC运动控制,提前检测特殊区域的距离,,/strategy/move_base/path_check_length,提前检测特殊区域（地毯，减速带等）的距离,,double,,,30,,
PNC运动控制,绕大圈,当狭窄路径被障碍物挡住时，规划的避障路径可能是从远处绕行，为了禁止这种现象，系统会比较新生成路径和原路径（跳过部分）的长度，如果长度差max_path_length_diff和比值max_path_length_quotien超出一定范围，则需要丢弃新生成的路径；若using_further_planner打开则使用新生成的路径；功能描述：https://gaussian.yuque.com/dyswnp/newbie/kye9ne?singleDoc# 《move_base相关配置说明》,/strategy/goal_base/max_path_length_diff,程序没调用；最大绕大圈判定差,,double,,,15,,
PNC运动控制,绕大圈,当狭窄路径被障碍物挡住时，规划的避障路径可能是从远处绕行，为了禁止这种现象，系统会比较新生成路径和原路径（跳过部分）的长度，如果长度差max_path_length_diff和比值max_path_length_quotien超出一定范围，则需要丢弃新生成的路径；若using_further_planner打开则使用新生成的路径；功能描述：https://gaussian.yuque.com/dyswnp/newbie/kye9ne?singleDoc# 《move_base相关配置说明》,/strategy/goal_base/max_path_length_quotien,程序没调用；最大绕大圈判定比例,,double,,,3,,
PNC运动控制,绕大圈,当狭窄路径被障碍物挡住时，规划的避障路径可能是从远处绕行，为了禁止这种现象，系统会比较新生成路径和原路径（跳过部分）的长度，如果长度差max_path_length_diff和比值max_path_length_quotien超出一定范围，则需要丢弃新生成的路径；若using_further_planner打开则使用新生成的路径；功能描述：https://gaussian.yuque.com/dyswnp/newbie/kye9ne?singleDoc# 《move_base相关配置说明》,/strategy/goal_base/path_safe_stopping_distance,程序没调用；路径安全检查减速距离,,double,,,1,,
PNC运动控制,绕大圈,当狭窄路径被障碍物挡住时，规划的避障路径可能是从远处绕行，为了禁止这种现象，系统会比较新生成路径和原路径（跳过部分）的长度，如果长度差max_path_length_diff和比值max_path_length_quotien超出一定范围，则需要丢弃新生成的路径；若using_further_planner打开则使用新生成的路径；功能描述：https://gaussian.yuque.com/dyswnp/newbie/kye9ne?singleDoc# 《move_base相关配置说明》,/strategy/goal_base/using_further_planner,程序没调用；超时后允许绕大圈,,bool,,,TRUE,,
PNC运动控制,前方安全检查及后退,功能说明：系统在多个条件下会检查前方安全性，例如，任务开始及（controller切换）、local planner规划失败、global planner规划失败、前方路径检查不安全，防撞条和costmap等碰撞。,/strategy/move_base/allow_backward,程序没调用；允许后退,,bool,,,TRUE,,
PNC运动控制,前方安全检查及后退,功能说明：系统在多个条件下会检查前方安全性，例如，任务开始及（controller切换）、local planner规划失败、global planner规划失败、前方路径检查不安全，防撞条和costmap等碰撞。,/strategy/move_base/backward_check_dis,程序没调用；为前方检查范围，如果这个距离内有障碍物，则开始后退,,double,,,-0.2,,
PNC运动控制,前方安全检查及后退,功能说明：系统在多个条件下会检查前方安全性，例如，任务开始及（controller切换）、local planner规划失败、global planner规划失败、前方路径检查不安全，防撞条和costmap等碰撞。,/strategy/move_base/backward_to_dis,程序没调用；为后退距离,,double,,,0.3,,
PNC运动控制,路网功能,ROBOTPLAN-3986,/strategy/path_recorder/one_lane_width,75单车道同向宽度阀值,,double,0,10,3,,
PNC运动控制,路网功能,ROBOTPLAN-3986,/strategy/path_recorder/use_spiral_opt,75 是否使用螺旋线优化覆盖路径曲率开关,,bool,,,FALSE,,
PNC运动控制,路径偏移功能,功能说明：https://gaussian.yuque.com/vhfwq2/mi5d16/ynlqxgq6d3m8t8ymhttps://gaussian.yuque.com/pnc/yu7uqr/aa4uqpg5or2vnw8a?singleDoc# 《路径偏移功能说明&参数》,/strategy/path_recorder/offset_path,路径偏移间隔距离,,double,0.06,0.2,0.1,,
PNC运动控制,路径偏移功能,功能说明：https://gaussian.yuque.com/vhfwq2/mi5d16/ynlqxgq6d3m8t8ymhttps://gaussian.yuque.com/pnc/yu7uqr/aa4uqpg5or2vnw8a?singleDoc# 《路径偏移功能说明&参数》,/strategy/path_recorder/offset_switch,路径偏移功能开关,,bool,,,FALSE,,
PNC运动控制,后退脱困功能,功能说明：https://gaussian.yuque.com/pnc/yu7uqr/fs9zswtbtu8y6mn8?singleDoc# 《后退脱困开关约束介绍》,/strategy/move_base/enable_backtracking_rec,允许历史轨迹脱困开关,,bool,,,TRUE,,
PNC运动控制,后退脱困功能,功能说明：https://gaussian.yuque.com/pnc/yu7uqr/fs9zswtbtu8y6mn8?singleDoc# 《后退脱困开关约束介绍》,/strategy/move_base/enable_narrow_backward_recovery,允许窄道局部脱困后退开关,,bool,,,TRUE,,
PNC运动控制,后退脱困功能,功能说明：https://gaussian.yuque.com/pnc/yu7uqr/fs9zswtbtu8y6mn8?singleDoc# 《后退脱困开关约束介绍》,/strategy/move_base/enable_normal_backward_recovery,允许普通局部脱困后退开关,,bool,,,TRUE,,
PNC运动控制,后退脱困功能,功能说明：https://gaussian.yuque.com/pnc/yu7uqr/fs9zswtbtu8y6mn8?singleDoc# 《后退脱困开关约束介绍》,/strategy/move_base/enable_point_cloud_recovery,允许使用点云脱困开关,,bool,,,TRUE,,
PNC运动控制,后退脱困功能,功能说明：https://gaussian.yuque.com/pnc/yu7uqr/fs9zswtbtu8y6mn8?singleDoc# 《后退脱困开关约束介绍》,/strategy/move_base/forbid_all_backward_rec,禁止所有后退脱困行为开关（包括全局脱困）,,bool,,,FALSE,,
PNC运动控制,规划超时,"功能描述：在导航模式中，在进入规划或控制失败恢复模式后，会累计超时时间，超时时间与任务类型相关，如果任务为导航，参数为goal_base:planner_error_patience_time,如果是跟线模式中避障或offroad，参数为goal_base:follow_path_patience_time；获取目标点失败的超时时间由goal_base:avoid_goal_obstacle_stop_duration控制。强制进入Local Escape Recovery状态的时间goal_base:force_escape_patience_time",/strategy/goal_base/avoid_goal_obstacle_stop_duration,程序没调用；避障规划超时时间（获取目标点）,,double,,,10,,
PNC运动控制,规划超时,"功能描述：在导航模式中，在进入规划或控制失败恢复模式后，会累计超时时间，超时时间与任务类型相关，如果任务为导航，参数为goal_base:planner_error_patience_time,如果是跟线模式中避障或offroad，参数为goal_base:follow_path_patience_time；获取目标点失败的超时时间由goal_base:avoid_goal_obstacle_stop_duration控制。强制进入Local Escape Recovery状态的时间goal_base:force_escape_patience_time",/strategy/goal_base/follow_path_patience_time,程序没调用；避障规划超时时间（任务为跟线模式中避障或offroad）,,double,,,20,,
PNC运动控制,规划超时,"功能描述：在导航模式中，在进入规划或控制失败恢复模式后，会累计超时时间，超时时间与任务类型相关，如果任务为导航，参数为goal_base:planner_error_patience_time,如果是跟线模式中避障或offroad，参数为goal_base:follow_path_patience_time；获取目标点失败的超时时间由goal_base:avoid_goal_obstacle_stop_duration控制。强制进入Local Escape Recovery状态的时间goal_base:force_escape_patience_time",/strategy/goal_base/planner_error_patience_time,程序没调用；避障规划超时时间（任务为导航）,,double,,,20,,
PNC运动控制,电池充电mos断开限速,功能说明：https://gaussian.yuque.com/vhfwq2/zc0zl8/iefcfr78npkgx6zn?singleDoc# 《电池充电MOS断开处理逻辑》,/strategy/move_base/mos_off_max_vel,充电MOS断开时，机器人最大运行速度,,double,0.1,1,0.3,,
PNC运动控制,电池充电mos断开限速,功能说明：https://gaussian.yuque.com/vhfwq2/zc0zl8/iefcfr78npkgx6zn?singleDoc# 《电池充电MOS断开处理逻辑》,/strategy/move_base/open_mos_limp,NUll,,bool,,,TRUE,,
PNC运动控制,导航速度,功能说明：https://gaussian.yuque.com/pnc/yu7uqr/apx3801uafhhlugd?singleDoc# 《AIO版本与S-MTBF导航速度差异》,/strategy/move_base/max_velocity_linear,运行速度-导航速度,,double,,,0.6,,
PNC运动控制,,,/strategy/chassis/enable_speed_filter,下发速度平滑,,bool,,,FALSE,,
PNC运动控制,PNC其它,https://gaussian.yuque.com/pnc/yu7uqr/zcgg5g?singleDoc# 《导航参数配置说明》https://gaussian.yuque.com/pnc/yu7uqr/wmu4i2?singleDoc# 《导航参数配置说明V2》,/strategy/follow_base/force_perform_action,程序没调用；导航开始（未到 路径起点）就清扫,,bool,,,FALSE,,
PNC运动控制,PNC其它,,/strategy/follow_base/front_safe_check_dis,程序没调用；路径前方安全检查距离,,double,,,1,,
PNC运动控制,PNC其它,https://gaussian.yuque.com/pnc/yu7uqr/itrboq9nlwkqroxa?singleDoc#mMii 《AIO1.1高级参数差异梳理》,/strategy/follow_base/max_avoid_obstacle_distance,程序没调用；最大的避障距离,,double,,,-1,,
PNC运动控制,PNC其它,,/strategy/follow_base/perform_action,程序没调用；执行路径上的动作,move_base_controller旧参数，实际没有在使用了,bool,,,FALSE,,
PNC运动控制,PNC其它,,/strategy/follow_base/stop_duration,程序没调用；避障等待时间（根线）,,double,,,0.5,,
PNC运动控制,PNC其它,,/strategy/follow_base/stop_duration_with_human,程序没调用；避障等待时间（跟线）（人物接近时）,,double,,,1.5,,
PNC运动控制,PNC其它,,/strategy/follow_base/stop_duration_without_human,程序没调用；避障等待时间（跟线）（附近未检测到人物时的）,,double,,,0.8,,
PNC运动控制,PNC其它,,/strategy/follow_base/stop_water_distance,程序没调用；固定停水距离,,double,,,20,,
PNC运动控制,PNC其它,,/strategy/goal_base/advanced_avoid_obstacle,程序没调用；提前避障功能开关,,bool,,,FALSE,,
PNC运动控制,PNC其它,,/strategy/goal_base/avoid_obstacle_stop_duration,程序没调用；避障等待时间（导航）,避障过程中规划时间超过该时间即认为规划失败,double,,,2,,
PNC运动控制,PNC其它,,/strategy/goal_base/stop_duration_with_human,程序没调用；避障等待时间（导航）（人物接近时）,,double,,,1.5,,
PNC运动控制,PNC其它,,/strategy/goal_base/stop_duration_without_human,程序没调用；避障等待时间（导航）（附近未检测到人物时的）,,double,,,0.8,,
PNC运动控制,PNC其它,,/strategy/goal_base/using_force_recovery,程序没调用；,在导航模式下检测到footprint不安全时，可以配置强制旋转,bool,,,FALSE,,
PNC运动控制,PNC其它,,/strategy/move_base/max_abnormal_time,程序没调用,,double,,,1200,,
PNC运动控制,PNC其它,,/strategy/move_base/turn_head_back_when_backward,程序没调用；,,bool,,,TRUE,,
PNC运动控制,PNC其它,,/strategy/pnc/gate_control/enable_efficiency_gate,识别阳角,,bool,,,,,
PNC运动控制,PNC其它,,/strategy/pnc/param_convert_version,"默认参数""no_version""执行完参数替换后为""aio_1_2""避免多次转换",,string,,,"""aio_1_2""",,
PNC运动控制,PNC其它,,/strategy/pnc/stop_flow/wait_time_for_planning,NUll,,double,,,,,
PNC运动控制,Corner策略,功能描述：机器人在导航过程中，路径的转角点是影响运动状态的重要因素，为了获得更好的贴墙性能，机器人会严格到达转角点后，原地旋转后继续行驶。如果行驶过程中不需要严格跟线或贴钱，也可以跳过转角点，在转角点附近直接跟踪后续路径，切换模式的参数为（strategy.yaml） movebase: shortcut_corner。此外，在shortcut corner模式下，当距离corner句距离小于指定范围，系统会进行减速，,/strategy/move_base/shortcut_corner,程序没调用；,,bool,,,FALSE,,
NUll,隐私保护开关,,/strategy/rcc/remote_control_limitation,隐私保护开关,,bool,,,FALSE,,
NUll,,,/device/scrubber/enable_shield_dust_box_not_install,NUll,,bool,,,FALSE,,
NUll,,,/device/scrubber/motor_work_min_speed,触发设备电机工作的最小速度,,double,0,10000,0.01,,
NUll,,,/feature/software/enable_strongwash_workmode,NUll,,bool,,,FALSE,,
NUll,,,/feature/software/enabled_battery_cell_undervoltage,NUll,,bool,,,TRUE,,
NUll,,,/strategy/chassis/speed_v/remote_level,未使用,,int,0,255,,,
NUll,,,/strategy/chassis/sum_angular_diff,高速速度差值累计的阈值（角度）,0,double,,,7,,
NUll,,,/strategy/chassis/sum_vel_diff,高速速度差值累计的阈值（速度）,0,double,,,3.6,,
NUll,,,/strategy/console/enable_draw_inaccessible_area,NUll,,bool,,,TRUE,,
NUll,,,/strategy/console/gohome1_idle_cd,NUll,,int,1,99999,10,,
NUll,,,/strategy/console/gohome1_idle_cd_before,NUll,,int,0,99999,1490,,
NUll,,,/strategy/console/gohome1_stop_temp_task_cd,NUll,,int,1,99999,28800,,
NUll,,,/strategy/console/gohome1_stop_temp_task_cd_before,NUll,,int,0,99999,0,,
NUll,,,/strategy/console/gohome1_task_finish_cd,NUll,,int,1,99999,3,,
NUll,,,/strategy/console/gohome1_task_finish_cd_before,NUll,,int,0,99999,0,,
NUll,,,/strategy/console/maintain_mode/leave_duration,NUll,,int,0,86400,,,
NUll,,,/strategy/console/maintain_mode/notify_leave_duration,NUll,,int,0,3600,,,
NUll,,,/strategy/console/manual_push_out_elevator_pub_duration,NUll,,int,10,180,180,,
NUll,,,/strategy/console/sewage_wait_time,污水等待时间,,int,0,3600,10,,
NUll,,,/strategy/console/sound_volume_input_threshold,NUll,,int,,,,,
NUll,,,/strategy/console/sound_volume_output_threshold,NUll,,int,,,,,
NUll,,,/strategy/console/user_volume,NUll,,int,0,100,11,,
NUll,,,/strategy/console/warning_guide_idle_time,NUll,,int,120,7200,3600,,
NUll,,,/strategy/device_controller/wait_devices_up_distance,等待设备抬起警戒距离,等待设备抬起警戒距离（距离禁洗区域一定距离时，提前停顿限速，准备抬起设备）,double,,,0.8,米,
NUll,,,/strategy/fov_realtime_auto_cover/draining_time,NUll,,double,,,120,,
NUll,,,/strategy/fov_realtime_auto_cover/enable_abandon_area_sewage,NUll,,bool,,,FALSE,,
NUll,,,/strategy/fov_realtime_auto_cover/enable_full_safe_check,NUll,,bool,,,TRUE,,
NUll,,,/strategy/localization/latent_obstacle/rgbd_ranges/pointcloud1,NUll,,double,0,100,,,
NUll,,,/strategy/localization/latent_obstacle/ultrasonic_topics/ultrasonic0,NUll,,bool,,,,,
NUll,,,/strategy/localization/latent_obstacle/ultrasonic_topics/ultrasonic1,NUll,,bool,,,,,
NUll,,,/strategy/localization/latent_obstacle/ultrasonic_topics/ultrasonic2,NUll,,bool,,,,,
NUll,,,/strategy/localization/latent_obstacle/ultrasonic_topics/ultrasonic5,NUll,,bool,,,,,
NUll,,,/strategy/localization/P85,NUll,,double,0,-200,-100,,
NUll,,,/strategy/localization/P86,NUll,,int,0,10,3,,
NUll,,,/strategy/localization/P96,NUll,,double,0,1,0.75,,
NUll,,,/strategy/project_node/endpoint_thresh,NUll,,double,0,10,5.5,,
NUll,,,/strategy/project_node/gate_area_ignore_flag,NUll,,bool,,,FALSE,,
NUll,,,/strategy/project_node/gate_area_thresh,NUll,,double,0,10,5.5,,
NUll,,,/strategy/rcc/daily_clean_tick_seconds,NUll,,int,,,7200,,
NUll,,,/strategy/rcc/elevator_request_timeout,NUll,,int,,,3,,
DL-感知,一米栏/带检测功能,,/dirty_config/other/pole_pillar,一米栏/带检测功能,1:打开；2:关闭,int,1,2,1,,
DL-感知,巡检： - 模型开关,功能说明：https://gaussian.yuque.com/od6ghz/ntcv8q/aleqkh?singleDoc# 《AGILE-30 50智能巡检清洁 P0功能》,/dirty_config/model/open_sewage_detect,巡检： - 模型开关,巡检： - 模型开关：/dirty_config/model/open_sewage_detect - 清洁模式（dirty_config）：0清扫 1避障 2忽略，,bool,,,TRUE,,
DL-感知,物体识别-一米栏,,/strategy/yml_detect/init,一米栏检测功能开关,在没有一米栏的场景可以关闭,bool,,,TRUE,,
DL-感知,物体识别-细杆,,/strategy/small_obj_detect/init,细杆识别功能开关,下面的墙线、大小物体语义、细杆检测的总开关,bool,,,TRUE,,
DL-感知,物体识别-细杆,,/strategy/small_obj_detect/launch_lidar_small_object_detector,细杆识别功能开关,,bool,,,TRUE,,
DL-感知,物体识别-物理围栏,,/strategy/fence_detect/init,物理围栏检测功能开关,75暂无此功能,bool,,,FALSE,,
DL-感知,物体识别-墙线,,/strategy/small_obj_detect/launch_line_segment,贴边（墙线识别),是否打开墙线提取，75不需要该功能,bool,,,TRUE,,
DL-感知,物体识别,,/dirty_config/stain/dust,NUll,,int,1,2,2,,
DL-感知,物体识别,,/dirty_config/stain/mixed_garbage,NUll,,int,1,2,2,,
DL-感知,物体识别,,/dirty_config/stain/mixed_garbage_temp,NUll,,int,0,2,2,,
DL-感知,物体识别,,/dirty_config/stain/sewage,NUll,,int,1,2,2,,
DL-感知,物体识别,,/strategy/small_obj_detect/launch_big_small_object_inflation,大小物体语义,,bool,,,FALSE,,
DL-感知,物体识别,,/strategy/stair_detect/is_enable,NUll,,bool,,,FALSE,,
DL-感知,数据回流,功能说明：https://gaussian.yuque.com/uapxw5/pmk97c/oxoh5c6ciwkigud5,/strategy/data_feedback_light/enable_feedback,NUll,,bool,,,,,
DL-感知,数据回流,功能说明：https://gaussian.yuque.com/uapxw5/pmk97c/oxoh5c6ciwkigud5,/strategy/gs_data_feedback/dl_hodgepodge/enable,NUll,,bool,,,,,
DL-感知,数据回流,功能说明：https://gaussian.yuque.com/uapxw5/pmk97c/oxoh5c6ciwkigud5,/strategy/gs_data_feedback/dl/enable,NUll,,bool,,,,,
DL-感知,数据回流,功能说明：https://gaussian.yuque.com/uapxw5/pmk97c/oxoh5c6ciwkigud5,/strategy/gs_data_feedback/perc_anti_drop/enable,NUll,,bool,,,,,
DL-感知,数据回流,功能说明：https://gaussian.yuque.com/uapxw5/pmk97c/oxoh5c6ciwkigud5,/strategy/gs_data_feedback/perc_fnl/enable,NUll,,bool,,,,,
DL-感知,数据回流,功能说明：https://gaussian.yuque.com/uapxw5/pmk97c/oxoh5c6ciwkigud5,/strategy/gs_data_feedback/perc_ir_sticker/enable,NUll,,bool,,,,,
DL-感知,数据回流,功能说明：https://gaussian.yuque.com/uapxw5/pmk97c/oxoh5c6ciwkigud5,/strategy/gs_data_feedback/slam_data/enable,NUll,,bool,,,,,
DL-感知,数据回流,功能说明：https://gaussian.yuque.com/uapxw5/pmk97c/oxoh5c6ciwkigud5,/strategy/hodgepodge/event_tracking/enable,NUll,,bool,,,,,
DL-感知,数据回流,功能说明：https://gaussian.yuque.com/uapxw5/pmk97c/oxoh5c6ciwkigud5,/strategy/hodgepodge/event_tracking/enable_align_charging_pile,NUll,,bool,,,,,
DL-感知,数据回流,功能说明：https://gaussian.yuque.com/uapxw5/pmk97c/oxoh5c6ciwkigud5,/strategy/hodgepodge/event_tracking/enable_general_objects,NUll,,bool,,,,,
DL-感知,数据回流,功能说明：https://gaussian.yuque.com/uapxw5/pmk97c/oxoh5c6ciwkigud5,/strategy/hodgepodge/event_tracking/enable_warning_trigger,NUll,,bool,,,,,
DL-感知,深度学习数据回流,功能说明：https://gaussian.yuque.com/uapxw5/pmk97c/oxoh5c6ciwkigud5,/strategy/dl_infer/data_feedback/enable,NUll,,bool,,,,,
DL-感知,深度学习数据回流,功能说明：https://gaussian.yuque.com/uapxw5/pmk97c/oxoh5c6ciwkigud5,/strategy/dl_infer/data_feedback/enable_freespace_endpoint,NUll,,bool,,,,,
DL-感知,深度学习数据回流,功能说明：https://gaussian.yuque.com/uapxw5/pmk97c/oxoh5c6ciwkigud5,/strategy/dl_infer/data_feedback/enable_garbage_sewage,stain脏污 - 数据回流开关（必要时打开）,,bool,,,,,
DL-感知,深度学习数据回流,功能说明：https://gaussian.yuque.com/uapxw5/pmk97c/oxoh5c6ciwkigud5,/strategy/dl_infer/data_feedback/enable_ground_objects_seg,NUll,,bool,,,,,
DL-感知,深度学习数据回流,功能说明：https://gaussian.yuque.com/uapxw5/pmk97c/oxoh5c6ciwkigud5,/strategy/dl_infer/data_feedback/enable_xyf_detect,NUll,,bool,,,,,
DL-感知,倾斜检测（IMU）,,/strategy/camera_subscribe_imu,NUll,,bool,,,,,
DL-感知,模型开关,,/strategy/dl_infer/open_freespace_endpoint,可通行区域模型,,bool,,,TRUE,,
DL-感知,模型开关,,/strategy/dl_infer/open_garbage_sewage_task,NUll,,bool,,,FALSE,,
DL-感知,模型开关,,/strategy/dl_infer/open_ground_objects_seg,地面物体模型,,bool,,,TRUE,,
DL-感知,模型开关,,/strategy/dl_infer/open_xyf_detect,xfy模型,,bool,,,TRUE,,
DL-感知,可通行边缘-货架检测功能,,/dirty_config/other/shelves,可通行边缘-货架检测功能,1:打开；2:关闭,int,1,2,2,,
DL-感知,可通行边缘-黑色物体检测功能,,/dirty_config/other/blackobject,可通行边缘:黑色物体检测功能,1:打开；2:关闭,int,1,2,1,,
DL-感知,可通行边缘-广告牌杆检测功能,,/dirty_config/other/pole,可通行边缘-广告牌杆检测功能,1:打开；2:关闭,int,1,2,1,,
DL-感知,可通行边缘-扶梯金属边检测功能,,/dirty_config/other/escalator_edge,可通行边缘-扶梯金属边检测功能,1:打开；2:关闭,int,1,2,1,,
DL-感知,可通行边缘-跌落区检测功能,,/dirty_config/other/fallarea_edge,可通行边缘-跌落区检测功能,1:打开；2:关闭,int,1,2,1,,
DL-感知,可通行边缘-玻璃检测功能,功能说明：https://gaussian.yuque.com/perception/documents/gfrhneuwau446brq,/dirty_config/other/glass,可通行边缘-玻璃检测功能,1:打开；2:关闭,int,1,2,1,,
DL-感知,红外贴纸识别,,/strategy/ir_sticker_enable,红外贴纸检测功能开关,,bool,,,,,
DL-感知,地面分割-脚垫检测功能,,/dirty_config/other/footpad,地面分割-脚垫检测功能,1:打开；2:关闭,int,1,2,1,,
DL-感知,地面分割-扶梯踏板检测功能,,/dirty_config/other/escalator_pedal,地面分割-扶梯踏板检测功能,1:打开；2:关闭,int,1,2,1,,
DL-感知,地面分割-电线检测功能,,/dirty_config/other/wire,地面分割-电线检测功能,1:打开；2:关闭,int,1,2,1,,
DL-感知,地面分割-地毯检测功能,,/dirty_config/other/carpet,地面分割-地毯检测功能,1:打开；2:关闭,int,1,2,2,,
DL-感知,DL-垃圾检测,,/dirty_config/garbage/garbage,垃圾检测功能,1:打开；2:关闭,int,1,2,2,,
DL-感知,DL-垃圾检测,,/dirty_config/garbage/large_garbage,大垃圾检测功能,1:打开；2:关闭,int,1,2,2,,
DL-感知,DL-垃圾检测,,/dirty_config/garbage/mixed_garbage_temp,NUll,1:打开；2:关闭,int,0,2,2,,
APP,隐藏排班任务功能开关,,/strategy/rcc/hide_timer_schedule_task,掌上高仙隐藏排班任务功能开关,改成false 就无法创建 定时任务（定时几点开始，几点结束的），创建任务时不显示定时任务类型；,bool,,,FALSE,,
APP,屏蔽不影响任务的告警,参数打开后：机器人端与掌上高仙 就看不到不影响任务的告警了；,/strategy/checker/less_warning,屏蔽不影响任务的告警；（机器人端与掌上高仙）,打开：会在机器端和掌上高仙屏蔽掉不影响任务的告警，只在云平台显示,bool,,,TRUE,,
APP,极简模式,,/strategy/console/minimalist_mode,极简模式功能开关,,bool,,,FALSE,,
APP,多次输错密码锁屏,,/strategy/console/login_fail_lock_time,登录密码输入错误锁屏时间,,int,1,60,30,,
APP,APP语言设置,,/strategy/console/app_language,APP语言配置,,string,,,"""en""",,
APP,APP无操作自动锁屏的时间阈值,https://gaussian.yuque.com/od6ghz/no74yv/viutgo?singleDoc# 《S线-小屏登录锁屏》,/strategy/console/lock_time,APP无操作自动锁屏的时间阈值,APP无操作自动锁屏的时间阈值,int,0,10000,300,,
